id,issue,page,type,title,author,content,asset_ref
garden-gate:170:p001:image:01,170,1,image,Cover,,"Cover image of a spring front-yard garden with pink and white tulips, yellow daffodils, purple blooms, boxwood edging, and mature trees, introducing the issue's spring garden, bulb, bird, shade garden, vegetable planning, and free-plant topics.",
garden-gate:170:p002:text:01,170,2,text,Colorful Normandy & Monet's Garden,,"Colorful Normandy & Monet’s Garden. August 8 - August 15, 2023. Centuries of garden making, from formal 17th-century planting schemes to 21st-century beds filled with movement and whimsy. Together we’ll explore castles, wander streets of historic towns and soak up the beautiful French countryside. Your tour hosts: Executive Editor Kristin Beane Sullivan; Executive Art Director Eric Flynn; Senior Editor Sherri Ribbey; Senior Photographer & Videographer Jack Coyier.",
garden-gate:170:p002:image:01,170,2,image,Colorful Normandy & Monet's Garden,,"Travel feature image collage showing June Blake’s garden in Ireland, the formal gate and clipped topiary at Jardin Agapanthe in Normandy, and a leafy arch framing the clipped hedges and brick path at Le Jardin Plume, Normandy.",
garden-gate:170:p002:image:02,170,2,image,Colorful Normandy & Monet's Garden,,"Four black-and-white host portraits for the Garden Gate Colorful Normandy & Monet’s Garden tour: Kristin Beane Sullivan, Eric Flynn, Sherri Ribbey, and Jack Coyier.",
garden-gate:170:p003:text:01,170,3,text,From the Editor,Kristin Beane Sullivan,"My father-in-law built this bench and surprised me with it at Christmas when I first started gardening. I could immediately picture it nestled into a beautiful woodland garden under our big silver maple tree. So that spring, I ordered a few little perennials, gratefully accepted some hosta divisions, invested in a yew and a hydrangea at our local garden center, tucked in a couple of six-packs of impatiens for color and got a load of mulch from a local tree company. This garden definitely wasn’t the lush show I dreamed of, but it was a start.",
garden-gate:170:p003:text:02,170,3,text,From the Editor,Kristin Beane Sullivan,"When my husband and I finally settled onto the bench to enjoy our accomplishment, we realized that we’d sited it with a perfect view of the nearby apartment building’s dumpster. Big miss. But I did learn to always think about the view from a bench as well as the view of a bench!",
garden-gate:170:p003:text:03,170,3,text,From the Editor,Kristin Beane Sullivan,"This piece of furniture has moved a lot over the years. It’s been refreshed a couple of times. It’s appeared in photos on these pages. Now we live in a different house and it’s sitting under a different maple tree (this time with a more carefully considered view). I’ll always find room for this classic, mostly because of who made it.",
garden-gate:170:p003:text:04,170,3,text,From the Editor,Kristin Beane Sullivan,"As I dig into this year’s garden, of course I’m hoping for big results. But I’m also cultivating memories. Of the people that have shared plants and advice. Of caring for it with my family. Of the excitement, disappointment and funny stories that happened there. I hope that you find all of this and more in your garden this year.",
garden-gate:170:p003:image:01,170,3,image,From the Editor,Kristin Beane Sullivan,"Editor page photo of a refreshed wooden garden bench with blue pillows, surrounded by colorful container flowers and potted gerbera daisies, with an inset showing the bench being cleaned with water.",
garden-gate:170:p003:image:02,170,3,image,From the Editor,Kristin Beane Sullivan,Portrait of Garden Gate Executive Editor Kristin Beane Sullivan beside her editor letter about a family bench and garden memories.,
garden-gate:170:p004:image:01,170,4,image,Contents,,"Contents-page image of a shade planting at Kaufman Gardens with coral bells and layered foliage around a tree, previewing the Coral Bells feature.",
garden-gate:170:p004:image:02,170,4,image,Contents,,"Contents-page image of a hand placing a soft green cutting into a cell tray, previewing the article on getting free plants by propagation.",
garden-gate:170:p005:image:01,170,5,image,Contents,,"Contents-page image of a spring container combination with clipped boxwood, pansies, lobelia, and white flowers, previewing no-fail spring containers.",
garden-gate:170:p005:image:02,170,5,image,Contents,,"Contents-page image of purple clematis flowers spilling over stone, previewing smart plant swaps.",
garden-gate:170:p005:image:03,170,5,image,Contents,,"Contents-page close-up image of a Dutch iris flower with purple, bronze, and yellow petals, previewing the iris comparison article.",
garden-gate:170:p005:image:04,170,5,image,Contents,,"Contents-page image of the issue's spring front-yard garden with tulips and daffodils under trees, identified as the cover garden photographed by Jack Coyier.",
garden-gate:170:p008:text:01,170,8,text,Garden Gate Online,,Bring on the Butterflies! Match your favorite butterflies with their favorite plants on our list. GardenGateMagazine.com/articles/flowers-plants/,
garden-gate:170:p008:text:02,170,8,text,Garden Gate Online,,Are you ready for spring? GardenGateMagazine.com/articles/how-to. How to Harden Off Plants: Make sure that young plants get off to the best start as you move them into the garden. DIY Cold Frames: Why wait? Start gardening earlier with a cold frame this year. How to Plant Bare-Root Perennials: You’ve saved some money and bought bare-root perennials! Find out what to do next.,
garden-gate:170:p008:text:03,170,8,text,Garden Gate Online,,Upcycled Container Ideas. Thrift some unique pots this year! GardenGateMagazine.com/articles/containers/,
garden-gate:170:p008:image:01,170,8,image,Garden Gate Online,,"Online resources image of a black-and-white butterfly feeding on a pink flower, used to promote matching favorite butterflies with their favorite plants.",
garden-gate:170:p008:image:02,170,8,image,Garden Gate Online,,Online resources image of an upcycled metal container planted with yellow marigolds and foliage beside garden tools and number markers.,
garden-gate:170:p010:text:01,170,10,text,Reader Tips: Cart around your cucumbers,"Joan Western, MA","Because her container-grown cucumber was heavy and hard to move around her balcony, Joan decided to put it on wheels: She grabbed an unused collapsible shopping cart trolley and plopped the cucumber container within. It now lives on her balcony and is easy to care for and move to chase the sun or make room for visitors.",
garden-gate:170:p010:text:02,170,10,text,Reader Tips: DIY work station,"Mary Martin, ID",If you can find a used kitchen sink at the thrift store - or even have an old one of your own - you can craft an outdoor work table with Mary’s guidance.,
garden-gate:170:p010:text:03,170,10,text,Reader Tips: DIY work station,"Mary Martin, ID","To begin, build a three-walled base by stacking cinder blocks in a U-shape. See in the illustration below that the lip of the sink rests on the cinder block base. Mary added a gravel drainage basin below the sink drain: She dug a hole and filled it with gravel to avoid a muddy mess. Another option is to place a bucket under the drain to catch the water so you can reuse it in the garden.",
garden-gate:170:p010:text:04,170,10,text,Reader Tips: DIY work station,"Mary Martin, ID","To wash her pots and tools, she plugs the drain and fills the sink with water. When she’s finished, she lets the water drain into the gravel, where it disperses into the soil.",
garden-gate:170:p010:text:05,170,10,text,Reader Tips: DIY work station,"Mary Martin, ID",You could also hook a length of hose into the faucet opening so you have a running water option.,
garden-gate:170:p010:text:06,170,10,text,Reader Tips: Bulb markers,"Lou Emmons, IL","After your spring bulbs fade and the foliage disappears, it’s easy to lose track of where the bulbs are planted. To avoid digging up hidden clumps of bulbs as she plants throughout the growing season, Lou uses a few plastic landscape fabric pegs to mark the place of the bulbs in the garden bed. Because they are green, they blend in, and they’re long and sturdy enough to stay in place for years. She pushes them nearly all the way into the soil; the flat, rounded top can still be spotted but won’t be noticeable from afar.",
garden-gate:170:p010:image:01,170,10,image,Reader Tips: DIY work station,"Mary Martin, ID","Illustration of a DIY outdoor pot-washing work station made from a used double-basin kitchen sink resting on stacked cinder blocks, with a gravel drainage basin and bucket below.",
garden-gate:170:p010:image:02,170,10,image,Reader Tips: Bulb markers,"Lou Emmons, IL","Photo of green plastic landscape fabric pegs used as discreet bulb markers, with a note to leave the top inch of each peg visible above the soil.",
garden-gate:170:p011:text:01,170,11,text,Reader Tips: Pistachio shell drainage,"Orlando Maione, NY","Reader Tips: Keep leftover nut shells, like pistachios, and reuse them for your containers. Fill the bottom couple of inches with the shells before topping with fresh potting mix. The shells prevent the mix from slipping through the drainage holes and causing a mess.",
garden-gate:170:p011:text:02,170,11,text,Reader Tips: Take a soak,"Gail Wintersteiner, MA","Don’t give up on plants that have dried out in the nursery pot before you can plant. Gail has a trick to rehydrate them: She submerges the plant, nursery pot and all, into a larger pot or bin full of water up to or even above the crown. While the plant is submerged, you will see bubbles. This means that water is soaking into the pockets of the root ball and not just running past the roots.",
garden-gate:170:p011:text:03,170,11,text,Reader Tips: Take a soak,"Gail Wintersteiner, MA","When the bubbles stop, the soil is hydrated and the plant will have better access to the moisture it needs to recuperate before being planted into its permanent home.",
garden-gate:170:p011:text:04,170,11,text,The Wild Side: Meadow fritillary,,(Boloria bellona). Appearance: This butterfly’s bright orange wings are 1 1/2 to 2 inches wide and have irregular black markings similar to leopard spots. Three rows of dots line the outer edge of the wing. The underside of the hindwing is more mottled brown and purple-gray. Caterpillars are dark purple-gray with rows of bristled spines.,
garden-gate:170:p011:text:05,170,11,text,The Wild Side: Meadow fritillary,,"(Boloria bellona). Life cycle: Female meadow fritillaries lay single pale-yellow eggs on twigs and leaves near their host plants - violets, particularly the sweet violet (Viola sororia). The caterpillar emerges and feeds on violet flowers and leaves before forming a spiny brown chrysalis. Typically two generations occur in a year, one in late spring and the other in early fall. Caterpillars overwinter in debris before pupating and emerging in spring. These nonmigratory butterflies generally stay in the same area all year.",
garden-gate:170:p011:text:06,170,11,text,The Wild Side: Meadow fritillary,,"(Boloria bellona). Habitat: You’ll find meadow fritillary throughout southern Canada, across Midwestern and mid-Atlantic states and in New England. Within this range, it prefers sunny meadows on the edge of forests and near wetlands or a water source. If you want to attract it to your garden, you’ll need to have a collection of violets nearby for the caterpillars to munch on.",
garden-gate:170:p011:image:01,170,11,image,Reader Tips: Pistachio shell drainage,"Orlando Maione, NY",Photo of pistachio shells being poured from a small pot into a larger container for use as drainage material under fresh potting mix.,
garden-gate:170:p011:image:02,170,11,image,The Wild Side: Meadow fritillary,,Wildlife profile photo of a meadow fritillary butterfly with orange wings and black markings resting on pale soil.,
garden-gate:170:p012:text:01,170,12,text,Get a Head Start with Spring Containers,Marisa Reyes,"As winter comes to an end and spring starts to gift us with the warmth of the sun, garden centers and nurseries begin to put out the first flowers of the year. This early enthusiasm inevitably results in a cart filled with plants that you can’t resist, even if you don’t really have room for them. No matter, containers are always an option!",
garden-gate:170:p012:text:02,170,12,text,Get a Head Start with Spring Containers: Place Your Containers,Marisa Reyes,"Get a Head Start with Spring Containers - Place Your Containers. Plant up a few spring containers and a bare patio or terrace is suddenly filled with color. Your balcony becomes a bright spot in the apartment complex and neighbors are asking where those plants came from. Grouping containers together provides an even bigger show that draws attention to the entry, or you can use bright blooms to dress up a tabletop on the deck. Spring containers are just the beginning of all the ways you can express yourself this growing season.",
garden-gate:170:p012:text:03,170,12,text,Get a Head Start with Spring Containers: Place Your Containers,Marisa Reyes,"Get a Head Start with Spring Containers - Place Your Containers. Once they fade, you can get creative again by swapping plants out for a whole new look in summer and fall.",
garden-gate:170:p012:text:04,170,12,text,Get a Head Start with Spring Containers: Place Your Containers,Marisa Reyes,"Get a Head Start with Spring Containers - Place Your Containers. In the meantime, get inspired by the containers here and maybe you’ll have to make another trip to the garden center!",
garden-gate:170:p012:text:05,170,12,text,Botanical Names: Red osier dogwood,Marisa Reyes,(Cornus sericea).,
garden-gate:170:p012:text:06,170,12,text,Get a Head Start with Spring Containers: Bold Spring Color,Marisa Reyes,"Get a Head Start with Spring Containers - Bold Spring Color. This combination is perfect on a patio or next to your front entry because its bold colors make a statement that lasts for weeks. Plus you can enjoy the light, sweet scent of the pansy and nemesia as you walk by.",
garden-gate:170:p012:text:07,170,12,text,Get a Head Start with Spring Containers: Bold Spring Color,Marisa Reyes,"Get a Head Start with Spring Containers - Bold Spring Color. Cool spring temperatures help these flowers last, but eventually you’ll need to deadhead. Pinch or snip pansy, nemesia and marguerite daisy stems back to a leaf joint to encourage more blooms. The daffodil only blooms once. So when it’s done you can pull the bulbs if you’d like to avoid unsightly yellowing bulb foliage as it ripens in the container. The red osier dogwood stems cut from the garden provide height, color and texture even when the flowers are fading.",
garden-gate:170:p012:text:08,170,12,text,Get a Head Start with Spring Containers: Bold Spring Color,Marisa Reyes,"Get a Head Start with Spring Containers - Bold Spring Color. Once the weather starts getting warmer, stems can get leggy and flowering slows. This is a good time to replace cool-weather plants, such as the pansy and nemesia. You can leave the gaura and marguerite daisy in place to add height and interest to late-season combos.",
garden-gate:170:p012:text:09,170,12,text,Plant Profile: Marguerite daisy,Marisa Reyes,(Argyranthemum) Grandaisy® Red Improved. Tender perennial; red flowers in spring; full sun to part shade; 18 to 24 in. tall and wide; cold hardy in USDA zones 10 to 11.,
garden-gate:170:p012:text:10,170,12,text,Plant Profile: Gaura,Marisa Reyes,"(Gaura lindheimeri) Belleza® Dark Pink. Perennial; star-shaped dark pink flowers in spring to fall; full sun to part shade; 18 in. tall, 16 to 20 in. wide; cold hardy in USDA zones 6 to 9.",
garden-gate:170:p012:text:11,170,12,text,Plant Profile: Pansy,Marisa Reyes,(Viola x wittrockiana) Spring Matrix™ Scarlet. Perennial; scarlet red blooms with a yellow center in early to late spring and fall; full sun to part shade; 8 to 10 in. tall and wide; cold hardy in USDA zones 5 to 9.,
garden-gate:170:p012:text:12,170,12,text,Plant Profile: Nemesia Sunsatia Blood Orange,Marisa Reyes,"(Nemesia) Sunsatia® Blood Orange™. Tender perennial; orange, red and yellow blooms from early spring to frost; full sun to part shade; 10 to 14 in. tall, 12 to 16 in. wide; cold hardy in USDA zones 10 to 11.",
garden-gate:170:p012:text:13,170,12,text,Plant Profile: Nemesia Nesia Sunshine,Marisa Reyes,"(Nemesia) Nesia™ Sunshine. Tender perennial; buttery yellow flowers with purple centers bloom in early spring to late summer; full sun to part shade; 10 to 14 in. tall, 10 to 12 in. wide; cold hardy in USDA zones 8 to 10.",
garden-gate:170:p012:text:14,170,12,text,Plant Profile: Miniature daffodil,Marisa Reyes,"(Narcissus hybrid). Bulb; yellow flowers in spring; full sun to part shade; 4 to 24 in. tall, 3 to 12 in. wide; cold hardy in USDA zones 3 to 9.",
garden-gate:170:p013:text:01,170,13,text,Get a Head Start with Spring Containers: Accent with Cut Stems,Marisa Reyes,"Get a Head Start with Spring Containers - Accent with Cut Stems. Young dogwood stems that are less than 3 years old have the most color. To make sure you have plenty of stems to cut for spring containers, cut a third of the oldest stems (they’re usually thicker and grayer) back to the ground each year in early spring.",
garden-gate:170:p013:image:01,170,13,image,Get a Head Start with Spring Containers: Bold Spring Color,Marisa Reyes,"Full-page photo of the Bold Spring Color container with red marguerite daisies, red dogwood stems, scarlet pansies, orange and yellow nemesia, miniature daffodils, and yellow-green flowers in a copper-colored pot.",
garden-gate:170:p014:text:01,170,14,text,Get a Head Start with Spring Containers: Petite Pastel Palette,Marisa Reyes,"Get a Head Start with Spring Containers - Petite Pastel Palette. This sweet little cool-season planter makes the perfect addition to a tabletop. You can still see your conversation partner across the table because the pint-sized plants won’t grow too tall in spring. As warmer weather approaches, the kale, sweet alyssum and viola will start to outgrow this 12-inch pot. But you can plant them in the border to enjoy blooms again later in fall, or just toss them on the compost pile.",
garden-gate:170:p014:text:02,170,14,text,Plant Profile: Ornamental kale,Marisa Reyes,(Brassica oleracea) ‘Dynasty Red’. Tender perennial; rosettes of blue-green leaves with a deep red center; full sun to part shade; 12 to 18 in. tall and wide; cold hardy in USDA zones 7 to 11.,
garden-gate:170:p014:text:03,170,14,text,Plant Profile: English daisy,Marisa Reyes,(Bellis perennis) ‘Pomponette Mix’. Perennial; pink or white blooms in spring to early summer; full sun to part shade; 4 to 6 in. tall and wide; cold hardy in USDA zones 4 to 8.,
garden-gate:170:p014:text:04,170,14,text,Plant Profile: Lewisia,Marisa Reyes,"(Lewisia cotyledon) ‘Elise Mix’. Perennial; pink, rose, salmon or purple flowers bloom from spring to fall; full sun to part shade; 6 to 8 in. tall and wide; cold hardy in USDA zones 3 to 8.",
garden-gate:170:p014:text:05,170,14,text,Plant Profile: Sweet alyssum,Marisa Reyes,"(Lobularia maritima) ‘Snow Crystals’. Tender perennial; clusters of fragrant white flowers from early spring to frost; full sun to part shade; 6 to 10 in. tall, 12 to 14 in. wide; cold hardy in USDA zones 9 to 11.",
garden-gate:170:p014:text:06,170,14,text,Plant Profile: Viola,Marisa Reyes,(Viola cornuta) Sorbet® XP Beaconsfield. Perennial; white and purple blooms with yellow centers bloom in early spring and again until frost; full sun to part shade; 6 to 8 in. tall and wide; cold hardy in USDA zones 5 to 8.,
garden-gate:170:p014:text:07,170,14,text,Get a Head Start with Spring Containers: Four-Season Structure,Marisa Reyes,"Get a Head Start with Spring Containers - Four-Season Structure. Adding evergreens, such as boxwood, to a container is a great way to get structure in every season. ‘Green Velvet’ is tolerant of pruning and can be shaped however you like. Hold off on pruning until all danger of frost has passed in spring to avoid damaging tender new shoots. When you’re growing shrubs in containers, get one that’s as large as possible (these are 24 inches in diameter) so there’s plenty of room for potting mix to hold moisture and help insulate the roots. To get boxwoods through winter in zone 5, spray an antitranspirant to help prevent moisture loss and burned foliage, and water occasionally if temps are above freezing.",
garden-gate:170:p014:text:08,170,14,text,Plant Profile: Boxwood,Marisa Reyes,(Buxus) ‘Green Velvet’. Shrub; glossy green leaves all year; full sun to part shade; 2 to 4 ft. tall and wide; cold hardy in USDA zones 5 to 9.,
garden-gate:170:p014:text:09,170,14,text,Plant Profile: Pansy,Marisa Reyes,"(Viola x wittrockiana). Perennial; blue and white bicolored flowers in early spring to frost; full sun to part shade; 6 to 8 in. tall, 8 to 12 in. wide; cold hardy in USDA zones 5 to 8.",
garden-gate:170:p014:text:10,170,14,text,Plant Profile: Lobelia,Marisa Reyes,"(Lobelia erinus). Tender perennial; white flowers in spring to fall; full sun to part shade; 6 to 14 in. tall, 6 to 16 in. wide; cold hardy in USDA zones 9 to 11.",
garden-gate:170:p014:image:01,170,14,image,Get a Head Start with Spring Containers: Petite Pastel Palette,Marisa Reyes,"Photo of the Petite Pastel Palette tabletop container with ornamental kale, English daisy, lewisia, sweet alyssum, and viola in a low terra-cotta bowl.",
garden-gate:170:p014:image:02,170,14,image,Get a Head Start with Spring Containers: Four-Season Structure,Marisa Reyes,"Photo of a large patio container anchored by a clipped ‘Green Velvet’ boxwood, with blue and white pansies and white lobelia around the rim.",
garden-gate:170:p016:text:01,170,16,text,Smart Plant Swaps,Sherri Ribbey,"When you fall in love with a plant at the garden center, you might not realize the challenges it may face at home. How many times have you had to fight back stems from a too-large plant that’s eating your sidewalk, pull unwanted seedlings, watch deer eat stems to the ground or water, water, water a gasping plant? At some point, enough is enough and the plant has to go. That’s not to say that it isn’t a perfectly good plant - it’s just that there might be better alternatives in certain situations. So you can move the offender to a new place in the garden better suited to its characteristics, give it to a friend or even just toss it on the compost pile, but that still leaves a hole to fill. The good news is that there are usually other plant options, whether you need something that’s smaller, more drought-tolerant or less aggressive. Let’s take a look at some smart swaps.",
garden-gate:170:p016:text:02,170,16,text,Smart Plant Swaps: Cutting zinnia,Sherri Ribbey,(Zinnia elegans). Zinnias for cutting are great for bouquets and they bloom nonstop. But sometimes you want a smaller plant that brings long-lasting color to the front of the border.,
garden-gate:170:p016:text:03,170,16,text,Smart Plant Swaps: Bedding zinnia,Sherri Ribbey,"(Zinnia hybrids). For long-lasting color on a pint-sized plant, bedding zinnias are just the ticket. This group of hybrids has even more, though smaller, blooms than their taller cousins, cutting zinnias. They’re also quite disease resistant, so powdery mildew won’t usually crop up like it does with the taller cutting types. Besides that, bedding zinnias are self cleaning - new growth covers over the old - so no deadheading is needed!",
garden-gate:170:p016:text:04,170,16,text,Smart Plant Swaps: Bedding zinnia,Sherri Ribbey,"(Zinnia hybrids). There are lots of varieties to choose from in a range of sizes and colors. Double Zahara™ Salmon at right grows 16 to 20 inches tall and wide, while the easy-to-find Profusion series is 12 to 18 inches tall and wide. If you’re looking for an even smaller zinnia, check out the new Belize series, which grows just 8 inches tall and 12 inches wide.",
garden-gate:170:p016:text:05,170,16,text,Plant Profile: Bedding zinnia,Sherri Ribbey,"(Zinnia hybrids). Annual; blooms are single or double in every color but blue from late spring to frost; light: full sun; soil: average, well-drained; size: look for dwarf varieties that grow 6 to 20 in. tall, 10 to 24 in. wide; source: local garden centers.",
garden-gate:170:p016:image:01,170,16,image,Smart Plant Swaps: Zinnias,Sherri Ribbey,Illustrated smart-swap diagram comparing tall cutting zinnias with a smaller mounded bedding zinnia plant for front-of-border color.,
garden-gate:170:p017:image:01,170,17,image,Smart Plant Swaps: Bedding zinnia,Sherri Ribbey,"Full-page photo of Double Zahara Salmon bedding zinnia, showing masses of compact salmon-pink double blooms along a stone path.",
garden-gate:170:p018:text:01,170,18,text,Smart Plant Swaps: Solomon's seal,Sherri Ribbey,"(Polygonatum spp. and hybrids). At up to 4 feet tall with an arching habit, Solomon’s seal takes up a lot of room and can block the view of other plants in the garden.",
garden-gate:170:p018:text:02,170,18,text,Smart Plant Swaps: Dwarf Solomon's seal,Sherri Ribbey,"(Polygonatum humile). This little perennial is amazingly cute! But even better, it’s one tough customer. Dwarf Solomon’s seal grows well in wet garden soil but tolerates drought, performs beautifully even in full shade and doesn’t have any serious insect or disease problems or need a lot of maintenance to look fantastic.",
garden-gate:170:p018:text:03,170,18,text,Smart Plant Swaps: Dwarf Solomon's seal,Sherri Ribbey,"(Polygonatum humile). Plants spread slowly by rhizomes to form colonies, making it an attractive ground cover for shade. Tubular white 3/4-inch flowers emerge in spring and are followed by blue-black fruits - both are easy to see on those short upright stems. Alternate pairs of ovate leaves provide rich texture that contrasts well with broader foliage of hosta (Hosta hybrids) or coral bells (Heuchera hybrids).",
garden-gate:170:p018:text:04,170,18,text,Plant Profile: Dwarf Solomon's seal,Sherri Ribbey,"(Polygonatum humile). Perennial; blooms: tubular white blooms with a green edge from late spring to early summer; light: part to full shade; soil: moist, well-drained; size: 6 to 9 in. tall, spreading; cold hardy: USDA zones 4 to 8; source: Avant Gardens, 508-998-8819, avantgardensne.com.",
garden-gate:170:p018:image:01,170,18,image,Smart Plant Swaps: Dwarf Solomon's seal,Sherri Ribbey,"Photo of dwarf Solomon’s seal forming a low, spreading colony with white tubular flowers around the base of a tree in shade.",
garden-gate:170:p019:text:01,170,19,text,Smart Plant Swaps: Russian sage,Sherri Ribbey,(Perovskia atriplicifolia). These large plants tend to flop and lean later in the season and can be a real pain to stake.,
garden-gate:170:p019:text:02,170,19,text,Smart Plant Swaps: Dwarf Russian sage,Sherri Ribbey,"(Perovskia atriplicifolia). If you don’t have room for a huge Russian sage that can reach 5 feet tall and 4 feet wide, you don’t have to miss out on growing this heat-, drought-, deer- and rabbit-resistant plant. There are a lot of new dwarf varieties with the same lavender-blue blooms that last for weeks, thanks in part to the colorful bracts that hang on after true flowers fall off. ‘Denim ’n Lace’ in the photo at left grows 32 inches tall and has a fuller look than some because the flowers are so closely spaced. It has strong upright stems that won’t flop open as the plant ages, as some of the larger varieties’ foliage does. ‘Little Spire’ is a bit smaller, growing just 24 inches tall.",
garden-gate:170:p019:text:03,170,19,text,Smart Plant Swaps: Dwarf Russian sage,Sherri Ribbey,(Perovskia atriplicifolia). Maintenance is simple: Just cut stems back to the crown in late winter to early spring to make way for new growth.,
garden-gate:170:p019:text:04,170,19,text,Plant Profile: Dwarf Russian sage,Sherri Ribbey,"(Perovskia atriplicifolia). Perennial; blooms: long spikes lined with lavender-blue flowers from midsummer to fall; light: full sun; soil: well-drained; size: look for dwarf varieties that grow 28 to 32 in. tall, 34 to 38 in. wide; cold hardy: USDA zones 4 to 9; source: local garden centers.",
garden-gate:170:p019:image:01,170,19,image,Smart Plant Swaps: Dwarf Russian sage,Sherri Ribbey,Photo of ‘Denim ’n Lace’ Russian sage with upright lavender-blue flower spikes planted in front of pink hibiscus and burgundy foliage.,
garden-gate:170:p020:text:01,170,20,text,Smart Plant Swaps: Love-in-a-mist,Sherri Ribbey,"(Nigella damascena). The flowers are pretty, but this annual can reseed vigorously and become a nuisance.",
garden-gate:170:p020:text:02,170,20,text,Smart Plant Swaps: Pincushion flower,Sherri Ribbey,"(Scabiosa spp. and hybrids). When you want a blue flower that you don’t have to worry about reseeding in your beds, choose pincushion flower. This perennial is easy to care for, blooms for weeks, stems can be cut for summer bouquets and butterflies love it! ‘Butterfly Blue’ is well known for its profusion of 2-inch blooms that ensure plenty of fluttering visitors. Plants grow 12 to 18 inches tall and wide. ‘Blue Note’ at right is smaller, at 8 to 10 inches tall and wide. For pink flowers, grow 12- to 18-inch-tall ‘Pink Mist.’",
garden-gate:170:p020:text:03,170,20,text,Smart Plant Swaps: Pincushion flower,Sherri Ribbey,"(Scabiosa spp. and hybrids). Deadheading will help encourage new blooms to form more quickly on your pincushion flower. To do this, follow the long stem back to the mound of foliage and cut it off below the leaves.",
garden-gate:170:p020:text:04,170,20,text,Plant Profile: Pincushion flower,Sherri Ribbey,"(Scabiosa spp. and hybrids). Perennial; blooms: lavender-blue, pink or white blooms with a dome-shaped center and frilly petals from early summer to fall; light: full sun to part shade; soil: well-drained; size: 4 to 36 in. tall, 4 to 18 in. wide; cold hardy: USDA zones 3 to 10; source: local garden centers.",
garden-gate:170:p020:image:01,170,20,image,Smart Plant Swaps: Pincushion flower,Sherri Ribbey,Photo of ‘Blue Note’ pincushion flower with lavender-blue frilly blooms and rounded centers in a close-up planting.,
garden-gate:170:p022:text:01,170,22,text,Smart Plant Swaps: Morning glory,Sherri Ribbey,(Ipomoea purpurea). Whew! Talk about reseeding. Plant morning glory once and seedlings will come back for years.,
garden-gate:170:p022:text:02,170,22,text,Smart Plant Swaps: 'Jackmanii' clematis,Sherri Ribbey,"(Clematis spp. and hybrids). Clematis brings loads of color to your trellis or arbor without taking over the structure. ‘Jackmanii’ is a classic variety that produces lots of gorgeous 5- to 7-inch deep-purple blooms every summer and grows 7 to 10 feet tall. For a slightly larger plant, try 10- to 12-foot-tall ‘Lady Betty Balfour,’ which also has deep purple blooms. If pink if your preference, ‘Comtesse de Bouchaud’ will fit the bill.",
garden-gate:170:p022:text:03,170,22,text,Smart Plant Swaps: 'Jackmanii' clematis,Sherri Ribbey,"(Clematis spp. and hybrids). When you’re planting, go deep. Position the young clematis so its first two leaf nodes are below the soil. This encourages more stems to grow, creating a bushier plant with even more blooms. A couple inches of organic mulch helps plants grow happily by keeping soil moisture and temperatures cool. Pruning is simple: In late winter to early spring, cut all of last year’s growth to within a foot of the ground.",
garden-gate:170:p022:text:04,170,22,text,Plant Profile: 'Jackmanii' clematis,Sherri Ribbey,"(Clematis spp. and hybrids). Woody vine; blooms: purple flowers in early to late summer; light: full sun to part shade; soil: evenly moist, well-drained; size: 7 to 10 ft. tall, spreading; cold hardy: USDA zones 3 to 9; source: Brushwood Nursery, brushwoodnursery.com.",
garden-gate:170:p022:image:01,170,22,image,Smart Plant Swaps: Morning glory,Sherri Ribbey,Inset photo of blue and pink morning glory flowers used as an example of a reseeding plant.,
garden-gate:170:p022:image:02,170,22,image,Smart Plant Swaps: 'Jackmanii' clematis,Sherri Ribbey,Large photo of ‘Jackmanii’ clematis with deep-purple flowers scrambling over stonework.,
garden-gate:170:p024:text:01,170,24,text,Smart Plant Swaps: Hosta,Sherri Ribbey,"(Hosta spp. and hybrids). If you have visiting deer, you know how much they love hostas - those leaves don’t stand a chance.",
garden-gate:170:p024:text:02,170,24,text,Smart Plant Swaps: Pulmonaria,Sherri Ribbey,"(Pulmonaria spp. and hybrids). The fuzzy foliage of pulmonaria makes it less than appealing for deer, and even better, it thrives in a range of conditions, including dry shade. In fact, too much water causes pulmonaria to rot.",
garden-gate:170:p024:text:03,170,24,text,Smart Plant Swaps: Pulmonaria,Sherri Ribbey,"(Pulmonaria spp. and hybrids). Flowers arrive on upright stems with small leaves in early spring before the mound of larger foliage takes off. Bell-shaped blooms are often a mix of pink, purple and blue, such as those of ‘Mrs. Moon’ or ‘Victorian Brooch.’ But there are exceptions. ‘Trevi Fountain’ at right has cobalt-blue flowers, ‘Sissinghurst White’ has white ones and ‘Raspberry Splash’ blooms in pink. As the flowers fade, their stems lean toward the ground. You can cut them off as close to the base of the plant as possible to tidy up the plant. But it’s not a problem if you forget. The speckled leaves will still take off and form an attractive mound.",
garden-gate:170:p024:text:04,170,24,text,Plant Profile: Pulmonaria,Sherri Ribbey,"(Pulmonaria spp. and hybrids). Perennial; blooms: bell-shaped pink, purple, blue or white blooms in early spring; light: part to full shade; soil: average, well-drained; size: 6 to 18 in. tall, 10 to 40 in. wide; cold hardy: USDA zones 3 to 9; source: local garden centers.",
garden-gate:170:p024:image:01,170,24,image,Smart Plant Swaps: Hosta,Sherri Ribbey,Inset photo of variegated hosta foliage used as the deer-favored plant to replace.,
garden-gate:170:p024:image:02,170,24,image,Smart Plant Swaps: Pulmonaria,Sherri Ribbey,Large photo of ‘Trevi Fountain’ pulmonaria with spotted green leaves planted near dark foliage and conifers.,
garden-gate:170:p026:text:01,170,26,text,Smart Plant Swaps: Lilyturf,Sherri Ribbey,"(Liriope spicata). Lilyturf is a good-looking plant for borders or containers, but deer find it pretty tasty, and some of the decorative varieties aren’t very cold hardy.",
garden-gate:170:p026:text:02,170,26,text,Smart Plant Swaps: Appalachian sedge,Sherri Ribbey,"(Carex appalachica). Often overlooked and under appreciated, this cool-season native grass has a tidy clumping habit and won’t spread aggressively. The long, slender stems grow up and then drape over, creating a wavy texture that’s great for edging your border or as a low-maintenance lawn alternative. Wondering what in the world will grow under a shallow-rooted maple (Acer spp. and hybrids) or pine (Pinus spp.) tree? This sedge is up to the challenge.",
garden-gate:170:p026:text:03,170,26,text,Smart Plant Swaps: Appalachian sedge,Sherri Ribbey,"(Carex appalachica). Appalachian sedge is evergreen in mild winter areas. But even so, you’ll want to mow it high or cut the foliage back to the ground in late winter to early spring just like in colder climates to tidy plants up.",
garden-gate:170:p026:text:04,170,26,text,Plant Profile: Appalachian sedge,Sherri Ribbey,"(Carex appalachica). Perennial; blooms: inconspicuous sporadic blooms in spring; light: full sun to part shade; soil: well-drained; size: 6 to 12 in. tall, 8 to 18 in. wide; cold hardy: USDA zones 3 to 8; source: High Country Gardens, 800-925-9387, highcountrygardens.com.",
garden-gate:170:p026:image:01,170,26,image,Smart Plant Swaps: Lilyturf,Sherri Ribbey,Inset photo of variegated lilyturf foliage used as the deer-vulnerable plant to replace.,
garden-gate:170:p026:image:02,170,26,image,Smart Plant Swaps: Appalachian sedge,Sherri Ribbey,"Large photo of Appalachian sedge forming flowing, fine-textured green clumps along a gravel path in Coastal Maine Botanical Gardens.",
garden-gate:170:p028:text:01,170,28,text,Smart Plant Swaps: Astilbe,Sherri Ribbey,"(Astilbe spp. and hybrids). Those lovely plumes will last for weeks, but leaves get crispy and plants don’t grow or flower as well without enough water.",
garden-gate:170:p028:text:02,170,28,text,Smart Plant Swaps: Smooth penstemon,Sherri Ribbey,"(Penstemon digitalis). When you want lots of white blooms but need a plant that isn’t thirsty, North American native smooth penstemon is a great alternative. Plus, it tolerates clay soil, pollinators love it and deer tend to pass it by.",
garden-gate:170:p028:text:03,170,28,text,Smart Plant Swaps: Smooth penstemon,Sherri Ribbey,"(Penstemon digitalis). There are plenty of cultivars to choose from and many have interesting foliage. ‘Husker Red’ at right is an old favorite with loads of white flowers and burgundy spring foliage that matures to dark green by summer. Plants grow 2 to 3 feet tall and 1 to 2 feet wide. ‘Mystica’ has clusters of white flowers and puts on quite the foliage show with leaves that start out green in spring, mature to deep purple by summer and then turn red in fall. Plants grow 28 to 32 inches tall in zones 4 to 8.",
garden-gate:170:p028:text:04,170,28,text,Plant Profile: Smooth penstemon,Sherri Ribbey,"(Penstemon digitalis). Perennial; blooms: tubular lavender, pink or white blooms from late spring to summer; light: full sun; soil: well-drained; size: 2 to 3 ft. tall, 1 to 3 ft. wide; cold hardy: USDA zones 3 to 8; source: local garden centers.",
garden-gate:170:p028:image:01,170,28,image,Smart Plant Swaps: Astilbe,Sherri Ribbey,Inset photo of white astilbe plumes used as the thirsty plant to replace.,
garden-gate:170:p028:image:02,170,28,image,Smart Plant Swaps: Smooth penstemon,Sherri Ribbey,Large photo of ‘Husker Red’ smooth penstemon with white flower spikes and dark stems in a mixed planting near a stone lantern.,
garden-gate:170:p029:text:01,170,29,text,Smart Plant Swaps: Cardinal flower,Sherri Ribbey,"(Lobelia cardinalis). It’s easy to love this perennial’s vibrant red flower spikes in summer. But if you have to water frequently to keep it going, it might be time to try something else.",
garden-gate:170:p029:text:02,170,29,text,Smart Plant Swaps: 'Asian Garden' celosia,Sherri Ribbey,"(Celosia argentea spicata). ‘Asian Garden’ celosia provides long-lasting color and head-turning drama for those mid- to back-of-the-border spots in the garden that are hard to water. At 40 inches tall, this variety is taller than many of its cousins, getting color closer to eye level. There are plenty of flowers to add to your summer bouquets, so you can cut freely without sacrificing any color in the garden. Cut late-season stems and hang them to dry in a cool, dry spot for a few weeks so you can enjoy the colorful blooms even in winter.",
garden-gate:170:p029:text:03,170,29,text,Smart Plant Swaps: 'Asian Garden' celosia,Sherri Ribbey,"(Celosia argentea spicata). Because it takes 12 to 14 weeks for ‘Asian Garden’ celosia to bloom, it’s a good idea to start the seeds indoors 6 to 8 weeks before the average last frost date for your area. Plants can be planted outdoors when nighttime temperatures are regularly 55 degrees F or above.",
garden-gate:170:p029:text:04,170,29,text,Plant Profile: 'Asian Garden' celosia,Sherri Ribbey,"(Celosia argentea spicata). Annual; blooms: deep purple-pink feathery spikes in late spring to frost; light: full sun; soil: well-drained; size: 31 to 40 in. tall, 12 to 15 in. wide; source: Select Seeds, 800-684-0395, selectseeds.com (seeds).",
garden-gate:170:p029:image:01,170,29,image,Smart Plant Swaps: Cardinal flower,Sherri Ribbey,Inset photo of red cardinal flower spikes used as the moisture-loving plant to replace.,
garden-gate:170:p029:image:02,170,29,image,Smart Plant Swaps: 'Asian Garden' celosia,Sherri Ribbey,"Large photo of ‘Asian Garden’ celosia with upright purple-pink feathery spikes, with blurred red cardinal flowers behind.",
garden-gate:170:p030:text:01,170,30,text,Attract More Birds to Your Yard This Spring!,Marisa Reyes,"Attract More Birds to Your Yard This Spring! Placing nesting boxes around your garden is a great way to encourage feathery friends to start a family there. With more birds in the yard, you’ll enjoy the benefits of these little garden helpers as they eat unwanted insects, munch on pesky weed seeds and help pollinate your flowers. Plus, watching them build their nests and raise chicks is great entertainment!",
garden-gate:170:p030:text:02,170,30,text,Attract More Birds to Your Yard This Spring!,Marisa Reyes,"Attract More Birds to Your Yard This Spring! I spoke with Robyn Bailey, NestWatch Project Leader at the Cornell Lab of Ornithology in New York, about how you can make your birdhouses safe and welcoming nesting boxes for the birds you want to host. She reminded me that different species of birds prefer different house styles and locations and shared a few things to keep in mind as you decide what works best.",
garden-gate:170:p030:text:03,170,30,text,Attract More Birds: Which Birds Will Visit?,Marisa Reyes,"Which birds will visit? Common North American backyard birds include American kestrel, barn swallow, chickadees, flycatchers, mourning dove, northern flicker, nuthatches, owls, purple martin, robin, tufted titmouse, warblers and wrens.",
garden-gate:170:p030:text:04,170,30,text,Attract More Birds: Housekeeping Help,Marisa Reyes,"Attract More Birds - Housekeeping Help. Clean out nesting boxes once a year before breeding season starts (by February in the South and mid-March in the North) or at the end of summer when it’s over. Since bird nests are susceptible to parasites and diseases, it’s a good idea to wear gloves and toss old nests and debris in the garbage rather than the compost. Once you’ve cleared a box, scrub it with a mixture of 1 part bleach to 9 parts water and give it a good rinse.",
garden-gate:170:p030:text:05,170,30,text,Attract More Birds: Housekeeping Help,Marisa Reyes,"Attract More Birds - Housekeeping Help. The type of birds who are visiting and nesting in your yard will determine whether or not you should add any nest materials. Some birds, such as American kestrel, northern flicker, chickadees and owls, appreciate a layer of wood shavings in the bottom of the box, but most birds prefer to find their own nest materials.",
garden-gate:170:p030:text:06,170,30,text,Attract More Birds: To Paint or Not to Paint?,Marisa Reyes,"Attract More Birds - To Paint or Not to Paint? It’s not necessary. For protection from predators, a nesting box that blends into its surroundings is usually best. But painting the outside of a box white to reflect the sun helps control temperatures. If you do want to paint, use nontoxic acrylic or latex paint or wood stain on the exterior and leave the inside unfinished.",
garden-gate:170:p030:image:01,170,30,image,Attract More Birds to Your Yard This Spring!,Marisa Reyes,"Illustrations of colorful birds, leaves and sun around a Garden Gate article on attracting more birds with safe nesting boxes.",
garden-gate:170:p030:image:02,170,30,image,Attract More Birds: Robyn Bailey,Marisa Reyes,"Portrait of Robyn Bailey, NestWatch Project Leader at the Cornell Lab of Ornithology, included with nesting-box advice.",
garden-gate:170:p031:text:01,170,31,text,Attract More Birds: Nesting Box Types,Marisa Reyes,Attract More Birds - Nesting Box Types. House wrens prefer a round 1-inch hole. Purple martins nest in colonies but prefer houses that are 60 feet away from nearby buildings. Mount a purple martin house on a pole 10 to 15 feet tall. American robins utilize nesting shelves mounted in a sheltered spot. Mourning doves nest in the open - make a basket of hardware cloth and place it in a forked branch or on top of an arbor.,
garden-gate:170:p031:text:02,170,31,text,Attract More Birds: What Makes a Good Nesting Box?,Marisa Reyes,"Attract More Birds - What Makes a Good Nesting Box? First, for most houses, a sloped roof with a 2- to 4-inch overhang will keep the inside dry and predators away by limiting their reach to the entrance hole. Second, add some drainage holes to the floor of the nesting box in case it does get wet inside. Third, 3/4-inch-thick walls and a 5/8-inch hole on each of the side walls near the top of the box are important for ventilation and keeping temperatures regulated. Finally, skip the perch outside the entrance - it’s just an invitation for predators.",
garden-gate:170:p031:text:03,170,31,text,Attract More Birds: What Makes a Good Nesting Box?,Marisa Reyes,"Attract More Birds - What Makes a Good Nesting Box? The style of the house and the size of the entrance hole and house will determine which type of bird might take up residence. Check out a sampling of nesting box types above. If invasive house sparrows are a problem in your yard, only provide houses with the smallest entrance holes since these birds will move into anything 1 1/4 inch in diameter and larger.",
garden-gate:170:p031:text:04,170,31,text,"Attract More Birds: Right Bird, Right House",Marisa Reyes,"Right Bird, Right House. Learn all the information you need to know about each bird’s specific birdhouse requirements and more (including how to predator-proof). Visit nestwatch.org and click the “learn” tab.",
garden-gate:170:p031:text:05,170,31,text,Attract More Birds: Keep Spacing & Height in Mind,Marisa Reyes,"Attract More Birds - Keep Spacing & Height in Mind. Many birds prefer to nest 20 feet or more from another bird of the same species, but don’t seem to mind if other species nest nearby, as long as they aren’t predatory, such as owls.",
garden-gate:170:p031:text:06,170,31,text,Attract More Birds: Keep Spacing & Height in Mind,Marisa Reyes,"Attract More Birds - Keep Spacing & Height in Mind. Songbirds like chickadees and wrens are happy to have their nesting boxes at a convenient height for humans to reach for cleaning and mounting. However, some birds prefer a height that’s a little more difficult to access: Owls and wood ducks prefer to nest 10 to 30 feet above ground.",
garden-gate:170:p031:text:07,170,31,text,Attract More Birds: Predator Guard,Marisa Reyes,Did you know? Cornell’s research has shown that a predator guard placed on the pole or tree can improve the odds of a nest succeeding by 7%.,
garden-gate:170:p031:text:08,170,31,text,Attract More Birds: Where Not to Put a Nesting Box,Marisa Reyes,"Attract More Birds - Where Not to Put a Nesting Box. Skip these spots when you’re looking for real estate for your feathered friends: Next to bird feeders and bird baths. This makes them an easy target for predators, such as cats and raccoons, which frequent these spots. High-traffic areas close to the mailbox or the front door. Even though some birds, such as Carolina wren, happily build nests in those spots, others, such as tufted titmouse, are shy and prefer to be farther away from people. Near drainpipes, an overhang or gutters. They’re too easy for predators to climb.",
garden-gate:170:p031:image:01,170,31,image,Attract More Birds: Nesting Box Diagram,Marisa Reyes,"Illustrated diagram of bird-specific nesting options, including a wren box with a 1-inch hole, a purple martin colony house on a 10- to 15-foot pole, a robin nesting shelf, and a mourning dove hardware-cloth basket.",
garden-gate:170:p031:image:02,170,31,image,Attract More Birds: Where Not to Put a Nesting Box,Marisa Reyes,Illustration of a cat beside the “Where Not to Put a Nesting Box” sidebar explaining predator-prone nest box locations.,
garden-gate:170:p032:text:01,170,32,text,Which Iris Is Right for You?: Japanese Iris,,"(Iris ensata). The last iris of the season to bloom, Japanese iris can also have the largest flowers: Some are up to 10 inches in diameter. And what flowers they are! The unusual and orchidlike blossoms invite a closer inspection of their intricate design.",
garden-gate:170:p032:text:02,170,32,text,Which Iris Is Right for You?: Japanese Iris,,"Japanese irises like moist, acid soil, which makes them ideal along the edge of natural water features, near downspouts or in rain gardens. Or plant them in a border with other moisture-loving perennials, such as ligularia (Ligularia dentata) or Japanese anemone (Anemone x hybrida), where their spiky foliage will contrast with rounded leaves and mounded habits.",
garden-gate:170:p032:text:03,170,32,text,Which Iris Is Right for You?: Japanese Iris,,"For the best blooms and healthiest foliage, plant Japanese iris in full sun, but plants will tolerate part shade as well. Provide plants 2 or more inches of water per week, especially in spring leading up to the early summer bloom time. Though they can be submerged in water up to the crown, it’s better to plant close to the water where it is moist but not saturated. In winter, the rhizomes can rot in cold, wet soil or standing water. Divide plants every 2 to 3 years to maintain robust growth. Japanese iris is hardy in USDA zones 4 to 9.",
garden-gate:170:p032:text:04,170,32,text,Which Iris Is Right for You?: Japanese Iris Facts,,"Japanese iris facts: Blooms are flatter than those of other irises, with yellow markings and a central rib highlighting where a beard would be on many other types of irises. Leaves are sword-shaped with a prominent midrib, often relax and curve down some at the tips. Habit is upright fans of leaves growing 24 to 48 inches tall and 12 to 24 inches wide. Roots are small rhizomes, appearing more like thickened roots. Japanese iris rhizomes grow and multiply upward, not out horizontally like those of bearded iris. Sources: Cascadia Iris Gardens, cascadianirisgardens.com; Ensata Gardens, ensata.com; Mt. Pleasant Iris Farm, mtpleasantiris.com.",
garden-gate:170:p032:text:05,170,32,text,Plant Profile: 'Flamingo Waltz' Japanese iris,,"‘Flamingo Waltz’ Japanese iris. Six soft-pink falls, or lower petals, create the 7- to 8-inch-wide open blossom in midsummer. It grows 36 inches tall in USDA zones 4 to 9.",
garden-gate:170:p032:text:06,170,32,text,Plant Profile: 'Frosted Intrigue' Japanese iris,,‘Frosted Intrigue’ Japanese iris. Midsummer blooms in shades of dark blue with violet and a touch of white. Grows 36 inches tall in USDA zones 5 to 10.,
garden-gate:170:p032:image:01,170,32,image,Which Iris Is Right for You?: Japanese Iris,,"Botanical illustration of Japanese iris showing flatter blooms, sword-shaped leaves, upright fans, small rhizome-like roots, and callouts for bloom, leaf, habit, and root traits.",
garden-gate:170:p032:image:02,170,32,image,Japanese Iris Cultivars,,Two cultivar photos for Japanese iris: soft-pink ‘Flamingo Waltz’ and dark blue-violet ‘Frosted Intrigue’ with a white and yellow center.,
garden-gate:170:p033:text:01,170,33,text,Which Iris Is Right for You?: Dutch Iris,,"(Iris x hollandica). Unlike Japanese iris, spring-blooming Dutch iris is grown from a bulb and goes dormant in the summer, which might seem atypical for an iris. But the flowers are a traditional iris form and come in a multitude of solid or bicolor shades.",
garden-gate:170:p033:text:02,170,33,text,Which Iris Is Right for You?: Dutch Iris,,"Easy to naturalize in lawns or woodland beds, Dutch iris looks great planted in drifts or groups. Or use it in a spring container, then pull the bulbs out after foliage yellows and plant in the garden later in the fall to enjoy again the following year.",
garden-gate:170:p033:text:03,170,33,text,Which Iris Is Right for You?: Dutch Iris,,"Plant Dutch iris bulbs in fall in USDA zones 5 to 9. They like full sun to part shade with even moisture until they bloom. Once flowers are spent, let the foliage die down. Dormant bulbs prefer dry soil or they may rot. Every 3 to 4 years, if you notice your Dutch iris isn’t flowering as much, mark the clump so you can find and dig the bulbs in fall. Brush the soil off, separate the bulbs and replant them. Some gardeners simply grow Dutch iris as a spring annual and compost the plants after the blooms fade.",
garden-gate:170:p033:text:04,170,33,text,Which Iris Is Right for You?: Dutch Iris Facts,,"Dutch iris facts: Blooms are beardless flowers with three upright petals, called “standards,” above three falling petals, known as “falls,” blooming in late spring to early summer. Leaves are grassy and fade away after flowers are spent. Habit is upright, slender plants growing in clumps and reaching 20 to 24 inches tall. Roots are teardrop-shaped bulbs that store energy for the next year. Irises used in florist bouquets are usually Dutch irises; blooms can last 5 to 7 days in a vase. Sources: American Meadows, americanmeadows.com; John Scheepers, johnscheepers.com.",
garden-gate:170:p033:text:05,170,33,text,Plant Profile: 'Oriental Beauty' Dutch iris,,‘Oriental Beauty’ Dutch iris. Pastel blue upright standards crown pale yellow falls in early summer. Plants grow 20 to 24 inches tall in USDA zones 5 to 10.,
garden-gate:170:p033:text:06,170,33,text,Plant Profile: 'Eye of the Tiger' Dutch iris,,‘Eye of the Tiger’ Dutch iris. Unique color combination of purple standards atop maroon falls with yellow accents. Grows in USDA zones 5 to 10 and can reach 18 to 24 inches tall.,
garden-gate:170:p033:image:01,170,33,image,Which Iris Is Right for You?: Dutch Iris,,"Botanical illustration of Dutch iris showing standards, beard, falls, grassy leaves, teardrop-shaped bulb roots, and bloom, leaf, habit, and root callouts.",
garden-gate:170:p033:image:02,170,33,image,Dutch Iris Cultivars,,"Two cultivar photos for Dutch iris: pastel blue and pale yellow ‘Oriental Beauty’ and purple, maroon, and yellow ‘Eye of the Tiger’.",
garden-gate:170:p034:text:01,170,34,text,Coral Bells,,"Colorful foliage and airy blossoms for any garden! Could any plant be more versatile in the garden than coral bells? Sun or shade, it’s hard to beat this easy-care perennial. With a rainbow of available foliage colors, almost anyone should be able to find one (or several!) to blend into the garden.",
garden-gate:170:p034:text:02,170,34,text,Coral Bells: All About the Foliage,,"Coral Bells - All About the Foliage. Once upon a time, coral bells were simply mounds of green foliage with thin wands of coral-pink blooms. Now you can find this perennial in shades of green, chartreuse, amber, peach, orange, red, bronze and purple. And although there are plenty of bold solid-colored varieties, such as ‘Caramel’ and ‘Black Pearl’ in the photo at right, breeders have also developed foliage with intricate vein patterns and lacy or metallic-looking overlays, as you can see on ‘Green Spice.’ All of this exciting variety makes a plant geek like me want one of each kind.",
garden-gate:170:p034:text:03,170,34,text,Coral Bells: Light and Airy Blooms,,"Coral Bells - Light and Airy Blooms. Flowers are not usually as showy as the foliage, but the spikes of dainty blossoms serve to accent the eye-catching leaves without stealing their thunder. The tiny bell-shaped blooms dangling from tall spires can be red, pink, green, coral or white, and attract hummingbirds and other pollinators to the garden. While coral bells breeding programs have mostly concentrated on unique foliage, Chuck Pavlich from Terra Nova Nurseries, a company that’s lead the way on introducing new coral bells varieties, tells us to watch for showier blossoms in the future. And with good reason: The blooms make super cut flowers—and the foliage holds up like a champ in bouquets, too.",
garden-gate:170:p034:text:04,170,34,text,Coral Bells: Native Roots,,"Coral Bells - Native Roots. Coral bells species are native to North America, growing in a variety of climates, from moist, shady woodlands to dry, sunny regions. That’s what makes new hybrids of these species so adaptable to every garden. Hybrids with Southern native Heuchera villosa, such as ‘Fire Alarm,’ in the parentage will have increased heat and drought tolerance, while the Northern Exposure™ series bred from Northern native H. richardsonii are more cold-tolerant. Keep reading to learn how to use all of these exciting plants in your garden.",
garden-gate:170:p034:text:05,170,34,text,Plant Profile: Coral Bells,,"Heuchera spp. and hybrids. Perennial. Blooms: Tiny, bell-shaped flowers in shades of red, pink, green, coral or white in late spring to fall. Light: Full sun to part shade. Soil: Moist, well-drained. Pests: None serious. Size: 6 to 24 in. tall (up to 36 in. in bloom), 10 to 36 in. wide. Cold hardy: USDA zones 3 to 9.",
garden-gate:170:p034:image:01,170,34,image,Coral Bells,,"Plant portrait of a coral bells cultivar with minty green foliage and airy pink flower spikes, illustrating the article’s colorful foliage and bloom habit.",
garden-gate:170:p035:image:01,170,35,image,Coral Bells,,"Garden border photo showing coral bells foliage and flower spikes around a tree and path, with cultivars labeled ‘Caramel,’ ‘Black Pearl,’ and ‘Green Spice.’",
garden-gate:170:p036:text:01,170,36,text,Designing with Coral Bells,,"Once you finally choose which beautiful coral bells to buy, the next trick is to decide where to plant it! Fortunately, that’s easy, since they can perform any number of roles in the garden.",
garden-gate:170:p036:text:02,170,36,text,Designing with Coral Bells: Front and Center,,"Designing with Coral Bells - Front and Center. Low-growing, colorful foliage makes coral bells ideal to grow along a path or the edge of the garden to soften the lines between the bed and a walkway or lawn. You won’t have to worry about the plants flopping over into the path, as they’ll stay put in a neat row. Coral bells’ full, mounded habit makes them perfect to tuck under larger perennials or shrubs that suffer from “bare legs,” such as lilies, peonies or inkberry, to fill in the empty space between the exposed stems and the ground.",
garden-gate:170:p036:text:03,170,36,text,Designing with Coral Bells: 'Paris',,"Designing with Coral Bells - ‘Paris.’ Look for cultivars that rebloom, such as petite ‘Paris,’ for a long-lasting front-of-the-border show that won’t quit. Growing 7 inches tall and 14 inches wide, ‘Paris’ continually flowers from early summer to frost in USDA zones 4 to 9. Its rose-colored flowers stand 14 inches tall, floating above minty green leaves with a white overlay.",
garden-gate:170:p036:text:04,170,36,text,Designing with Coral Bells: Attention Getters,,"Designing with Coral Bells - Attention Getters. See how a chartreuse coral bells plant warms and brightens the border in photo 1 below? Foliage in shades of lime, yellow, peach or even silver provide a welcome light in a shady spot. Add a bit more color with the red-veined, yellow-green leaves of ‘Electric Lime’ for an interesting focal point. Conversely, a dark-colored coral bells, such as near-black ‘Obsidian,’ tends to recede in a shady location, looking like a hole or gap in the bed from a distance. Instead, plant red, orange and purple coral bells in the sun, where they’ll look most vibrant, and eye-catching.",
garden-gate:170:p036:text:05,170,36,text,Designing with Coral Bells: Amassed and Amazing,,"Designing with Coral Bells - Amassed and Amazing. One coral bells plant is a focal point. A cluster of three or five can be the backbone of a bed. But a mass planting is a sight to behold. Just look at the sea of coral bells highlighting the tree peony at right in photo 2. Grown as a ground cover, large drifts of coral bells can provide low-maintenance color all season, and their tight habit has good weed-suppressing qualities. Taller varieties, like 12-inch-tall ‘Palace Purple,’ fill in a roomy space with ease. For a mass planting, plant the coral bells half the mature width apart so they overlap and grow together quickly.",
garden-gate:170:p036:text:06,170,36,text,Designing with Coral Bells: Botanical Names,,Designing with Coral Bells - Botanical Names. Blue fescue: Festuca glauca. Cape daisy: Osteospermum hybrid. Inkberry: Ilex glabra. Lily: Lilium spp. and hybrids. Rodgersia: Rodgersia pinnata. Sedge: Carex spp. and hybrids. Tree peony: Paeonia hybrid.,
garden-gate:170:p036:text:07,170,36,text,Designing with Coral Bells: Lighten Up,,"Designing with Coral Bells - Lighten up. The bright color of ‘Lemon Love’ coral bells calls attention to its round-leaved, mounded shape. It gives the eye a solid place to rest when nestled among soft, draping forms of ferns or sedges in a shady spot.",
garden-gate:170:p036:image:01,170,36,image,Designing with Coral Bells: Lighten Up,,Shade-garden photo of bright chartreuse ‘Lemon Love’ coral bells used as a mounded focal point among ferns and sedges.,
garden-gate:170:p037:text:01,170,37,text,Designing with Coral Bells: A Mass of Color,,"Designing with Coral Bells - A mass of color. Dark ‘Chocolate Ruffles’ coral bells sets the stage for ‘Hephestos’ tree peony, but keeps its glorious, rich color long after the peony blooms are gone. Creamy white flowers also appear in late spring to early summer. At 12 to 14 inches tall, it does a good job of covering the peony’s bare legs.",
garden-gate:170:p037:text:02,170,37,text,Designing with Coral Bells: Contained Excitement,,"Designing with Coral Bells - Contained Excitement. Coral bells are the perfect colorful foliage filler for a container too. Their polite mound provides form and texture without becoming unruly, and you’ll even get blooms for an additional pop of color. Plant with other perennials, such as the rodgersia in photo 3, add to a container of annuals, or have a single coral bells as a specimen plant in its own pot to tie the garden in with the patio containers. In zone 6 or warmer where coral bells is reliably evergreen, plants can be overwintered right in their containers. In colder zones, dig them up before a killing frost and plant them in the garden to get them through winter more reliably.",
garden-gate:170:p037:text:03,170,37,text,Designing with Coral Bells: Indoors,,"Designing with Coral Bells - Indoors. Did you know you could grow coral bells as a houseplant? Terra Nova’s Chuck Pavlich says any coral bells, especially the dwarf varieties like the Little Cuties™ series, will thrive indoors in a sunny window. But note that without a cold period, they may not bloom indoors, so just enjoy the fabulous foliage color.",
garden-gate:170:p037:text:04,170,37,text,Designing with Coral Bells,,"I bet you have an idea where to plant a few coral bells in your garden now. On the next two pages, learn how to grow them.",
garden-gate:170:p037:text:05,170,37,text,Designing with Coral Bells: Fire and Spice,,"Designing with Coral Bells - Fire and spice. Planted in a ring around ‘Bronze Peacock’ rodgersia and Ostica™ Bronze cape daisy, ‘Fire Alarm’ and ‘Green Spice’ coral bells provide a foundation of color. ‘Green Spice’ even turns vibrant orange in the fall.",
garden-gate:170:p037:image:01,170,37,image,Designing with Coral Bells: A Mass of Color,,Garden photo of dark ‘Chocolate Ruffles’ coral bells planted as a dense groundcover around ‘Hephestos’ tree peony.,
garden-gate:170:p037:image:02,170,37,image,Designing with Coral Bells: Fire and Spice,,Container planting with ‘Fire Alarm’ and ‘Green Spice’ coral bells circling ‘Bronze Peacock’ rodgersia and Ostica™ Bronze cape daisy.,
garden-gate:170:p038:text:01,170,38,text,Grow Great Coral Bells,,"These adaptable plants can grow in sun or shade, but a general rule of thumb is that darker leaf colors are more sun tolerant than light or green cultivars. Also, leaves that are coarse or a bit hairy are more heat tolerant than those with shiny or metallic-colored leaves. But in hot Southern gardens, even coral bells that like sun appreciate a couple hours of light shade in the heat of the day, or their leaves can scorch.",
garden-gate:170:p038:text:02,170,38,text,Grow Great Coral Bells: Water Wisely,,"Grow Great Coral Bells - Water Wisely. Coral bells prefer well-drained soil, and many are drought tolerant. New varieties are often rust-resistant, but to avoid this fungal disease, be sure to water at soil level early in the day to keep foliage dry.",
garden-gate:170:p038:text:03,170,38,text,Grow Great Coral Bells: Winter Care,,"Grow Great Coral Bells - Winter Care. In cold zones, coral bells are prone to heaving, meaning their shallow root system is pushed upward as soil freezes and thaws during extreme winter temperature fluctuations, leaving roots exposed to bitter cold and potential damage. Help prevent heaving by mulching in late fall with a 2- to 3-inch layer of shredded bark, compost or straw. If your plant does heave up, in late winter or very early spring, simply use your foot and gently push the crown down (it’s OK—Chuck says it won’t hurt the plant), pressing it back into the ground. Then tuck in soil or mulch around it.",
garden-gate:170:p038:text:04,170,38,text,Grow Great Coral Bells: Spring Refresh,,"Grow Great Coral Bells - Spring Refresh. Plants are evergreen where temperatures rarely dip below freezing, but leaves may appear flattened by spring, as photo 4 above shows. A bit of trimming will tidy them up. In zones 5 and colder, leaves will mostly die back in winter. As new growth emerges in spring, cut dead foliage back to within an inch of the ground and pull mulch away from the crown to prevent wet conditions that can cause root rot. Chuck recommends applying a low-nitrogen, slow-release fertilizer in early spring.",
garden-gate:170:p038:text:05,170,38,text,Grow Great Coral Bells: Divide for More,,"Grow Great Coral Bells - Divide for More. Over time, coral bells plants elongate on woody stems, collapsing in the middle and forming new crowns on side shoots that often aren’t even in the ground. Once this begins, usually every 2 to 3 years, dig up the plant and divide it. “How to Divide Coral Bells” at right shows you how.",
garden-gate:170:p038:text:06,170,38,text,Grow Great Coral Bells: Spring Cleaning,,"Grow Great Coral Bells - Spring cleaning. Where coral bells are evergreen, flattened foliage helps protect plants from occasional low temps, so no mulch is necessary. Leaves perk up in spring, and any browned or tattered leaves can be snipped back to the crown.",
garden-gate:170:p038:image:01,170,38,image,Grow Great Coral Bells: Spring Cleaning,,"Close-up photo of flattened evergreen coral bells foliage in early spring, illustrating where browned or tattered leaves can be trimmed back to the crown.",
garden-gate:170:p039:text:01,170,39,text,How to Divide Coral Bells: Step 1,,How to Divide Coral Bells - Step 1. Dig up the plant in late fall while the ground is still warm or early spring before new growth begins. Shake or brush the soil away to reveal shoots growing off the main crown that will become divisions.,
garden-gate:170:p039:text:02,170,39,text,How to Divide Coral Bells: Step 2,,"How to Divide Coral Bells - Step 2. Break apart or use sharp pruners to cut stems and trim off old, woody roots that don’t have any new growth. Keep divisions that have a few new roots forming along the stem to replant.",
garden-gate:170:p039:text:03,170,39,text,How to Divide Coral Bells: Step 3,,"How to Divide Coral Bells - Step 3. Plant the new stem division into the soil just below the crown. Even if it doesn’t have roots to start, it will grow, just like a stem cutting would. Be sure to keep new divisions moist for a few weeks to help establish roots.",
garden-gate:170:p039:image:01,170,39,image,How to Divide Coral Bells,,"Three-photo technique sequence showing coral bells division: small shoots forming along an above-ground stem, cutting away an old crown with no new buds, and setting a new division into soil up to the base of the crown.",
garden-gate:170:p040:text:01,170,40,text,Try These Coral Bells,Jennifer Howell,"So many coral bells, so many foliage colors. Here’s a small sampling of the gorgeous cultivars available. —Jennifer Howell",
garden-gate:170:p040:text:02,170,40,text,Try These Coral Bells: 'Ginger Ale',Jennifer Howell,"Heuchera hybrid. Ginger-yellow foliage with a silvery overlay; yellow-pink flowers on reddish stems in early summer; full sun to part shade; 6 to 9 in. tall (22 in. tall in bloom), 12 to 18 in. wide; cold hardy in zones 4 to 9.",
garden-gate:170:p040:text:03,170,40,text,Try These Coral Bells: 'Southern Comfort',Jennifer Howell,"H. hybrid. Extra large, bright cinnamon-peach new growth that ages to amber; white flowers in early to late summer; part to full shade; 12 to 18 in. tall (22 in. in bloom), 18 to 24 in. wide; cold hardy in zones 4 to 9.",
garden-gate:170:p040:text:04,170,40,text,Try These Coral Bells: 'Carnival Cocomint',Jennifer Howell,"H. x villosa. Dark green leaves with chocolate veining and silver overlay; white flowers in early to midsummer; tolerant of heat and humidity; full sun to part shade; 10 to 12 in. tall (18 in. in bloom), 12 to 14 in. wide; cold hardy in zones 4 to 9.",
garden-gate:170:p040:text:05,170,40,text,Try These Coral Bells: Brazen Raisin™,Jennifer Howell,"H. hybrid. Deep purple to black foliage with wine-red undersides; hot pink buds open pale pink to white in midsummer and often again in fall; full sun to full shade; 8 to 10 in. tall (24 in. in bloom), 18 to 24 in. wide; cold hardy in zones 4 to 9.",
garden-gate:170:p040:text:06,170,40,text,Try These Coral Bells: 'Fire Alarm',Jennifer Howell,"H. hybrid. Fiery red new growth darkens to brownish-red by summer, then flares red again in cooler fall temperatures; pink flowers in early to late summer; full sun to full shade; 9 in. tall (13 in. in bloom), 14 in. wide; cold hardy in zones 4 to 9.",
garden-gate:170:p040:text:07,170,40,text,Try These Coral Bells: 'Citronelle',Jennifer Howell,"H. hybrid. Bright, lime-green foliage will be almost yellow in sun but may burn without midday shade; tolerant of heat and humidity; insignificant creamy white flowers in early summer; part to full shade; 10 to 14 in. tall (24 in. in bloom), and 12 to 18 in. wide; cold hardy in zones 4 to 9.",
garden-gate:170:p040:text:08,170,40,text,Try These Coral Bells: 'Stainless Steel',Jennifer Howell,"H. hybrid. New growth emerges silver with purple veining and undersides, maturing to pale blue-green with purple undertones; large pink flower buds open white in spring; part to full shade yields best color; 8 to 12 in. tall (24 in. tall in bloom), 15 to 18 in. wide; cold hardy in zones 5 to 8.",
garden-gate:170:p040:text:09,170,40,text,Try These Coral Bells: Cinnamon Curls™,Jennifer Howell,"H. hybrid. Ruffled, orange-red new leaves fade to coppery-red by summer; sparse, insignificant white summer flowers; full sun to full shade, with better color in sun; 8 to 12 in. tall (18 in. in bloom), and 12 to 16 in. wide; cold hardy in zones 4 to 9.",
garden-gate:170:p040:text:10,170,40,text,Try These Coral Bells: Houseplant Note,Jennifer Howell,"Try These Coral Bells - Houseplant note. After Jennifer talked to Chuck, she ran home and dug a ‘Midnight Rose’ coral bells out of an outdoor container to bring indoors as a houseplant.",
garden-gate:170:p040:text:11,170,40,text,Try These Coral Bells: Sources,Jennifer Howell,"Try These Coral Bells - Sources. Bluestone Perennials, bluestoneperennials.com, 800-852-5243. Plant Delights Nursery, plantdelights.com, 919-772-4794.",
garden-gate:170:p040:image:01,170,40,image,Try These Coral Bells: 'Ginger Ale',Jennifer Howell,"Plant portrait of ‘Ginger Ale’ coral bells with ginger-yellow foliage, silvery overlay, and airy yellow-pink flowers on reddish stems.",
garden-gate:170:p040:image:02,170,40,image,Try These Coral Bells: 'Southern Comfort',Jennifer Howell,Plant portrait of ‘Southern Comfort’ coral bells showing large cinnamon-peach to amber foliage.,
garden-gate:170:p041:image:01,170,41,image,Try These Coral Bells: 'Carnival Cocomint',Jennifer Howell,Plant portrait of ‘Carnival Cocomint’ coral bells showing dark green leaves with chocolate veining and a silver overlay.,
garden-gate:170:p041:image:02,170,41,image,Try These Coral Bells: Brazen Raisin™,Jennifer Howell,Plant portrait of Brazen Raisin™ coral bells showing deep purple to black foliage with wine-red tones.,
garden-gate:170:p041:image:03,170,41,image,Try These Coral Bells: 'Fire Alarm',Jennifer Howell,Plant portrait of ‘Fire Alarm’ coral bells showing fiery red foliage that darkens toward brownish-red.,
garden-gate:170:p041:image:04,170,41,image,Try These Coral Bells: 'Citronelle',Jennifer Howell,Plant portrait of ‘Citronelle’ coral bells showing bright lime-green foliage.,
garden-gate:170:p041:image:05,170,41,image,Try These Coral Bells: 'Stainless Steel',Jennifer Howell,Plant portrait of ‘Stainless Steel’ coral bells showing pale silvery blue-green foliage with purple veining and undertones.,
garden-gate:170:p041:image:06,170,41,image,Try These Coral Bells: Cinnamon Curls™,Jennifer Howell,Plant portrait of Cinnamon Curls™ coral bells showing ruffled orange-red to coppery-red leaves.,
garden-gate:170:p042:text:01,170,42,text,3 Ways to Get Free Plants,Sherri Ribbey,"Save money with these easy propagation techniques. Who doesn’t love a good bargain at the garden center? I know I do! But it’s even better when you can get more plants without having to open your wallet at all. Knowing a few easy propagation techniques can increase your collection of annuals, perennials or shrubs without putting a strain on the budget.",
garden-gate:170:p042:text:02,170,42,text,3 Ways to Get Free Plants,Sherri Ribbey,"When annuals get lanky and leggy, cutting them back helps improve the look of the plant and why not turn a few of those stems into cuttings? If a perennial isn’t flowering like it used to, it might be overcrowded. Division helps it grow more vigorously again and adds more colorful flowers to your border. Or maybe you have an heirloom shrub that you don’t want to lose—layering is a sure-fire way to keep it going and share with others.",
garden-gate:170:p042:text:03,170,42,text,3 Ways to Get Free Plants,Sherri Ribbey,"These propagation techniques are super simple and most of what you’ll need is probably already in the garden shed, so let’s get started!",
garden-gate:170:p042:text:04,170,42,text,3 Ways to Get Free Plants: Stem Cuttings,Sherri Ribbey,"3 Ways to Get Free Plants - Get More Plants with Stem Cuttings. If you’ve cut a stem of your favorite coleus and plunked it in a jar of water, you’ve taken a cutting. It’s a simple and sure technique that works for other plants, such as alternanthera and purple heart, too. But you can actually skip this step and go right to potting mix to get transplant-ready cuttings like the one at left in as little as a few weeks.",
garden-gate:170:p042:text:05,170,42,text,3 Ways to Get Free Plants: Stem Cuttings,Sherri Ribbey,"3 Ways to Get Free Plants - Stem Cuttings. Before you start cutting stems you’ll want to get a few containers and some potting medium. A mix of equal parts coarse sand and peat, perlite or vermiculite is great, but premoistened potting mix works just fine for most plants and still drains well.",
garden-gate:170:p042:text:06,170,42,text,3 Ways to Get Free Plants: Stem Cuttings,Sherri Ribbey,"3 Ways to Get Free Plants - Stem Cuttings. You can grow all kinds of plants from stem cuttings, but the tender perennials that most of us grow as annuals are the most common.",
garden-gate:170:p042:text:07,170,42,text,3 Ways to Get Free Plants: When to Cut,Sherri Ribbey,3 Ways to Get Free Plants - When to Cut. Cut stems any time during the growing season. Just be sure to water the parent plant the day before and harvest your cuttings early in the morning to ensure that the stems are well hydrated and in peak condition.,
garden-gate:170:p042:text:08,170,42,text,3 Ways to Get Free Plants: How to Cut,Sherri Ribbey,3 Ways to Get Free Plants - How to Cut. Look for pliable new growth near the stem tip. Older woody growth found near the base of the plant isn’t as likely to root. Use pruners or scissors to cut a 2- to 6-inch-long piece just below a leaf joint and remove the lower two to three sets of leaves (1).,
garden-gate:170:p042:text:09,170,42,text,3 Ways to Get Free Plants: Stem-Cutting Stars,Sherri Ribbey,3 Ways to Get Free Plants - Stem-Cutting Stars. Alternanthera: Alternanthera spp. and hybrids. Basil: Ocimum basilicum. Coleus: Plectranthus scutellarioides. Cuban oregano: Plectranthus amboinicus. English ivy: Hedera helix. Iresine: Iresine herbstii. Penstemon: Penstemon spp. and hybrids. Purple heart: Tradescantia pallida ‘Purpurea’. Salvia: Salvia spp. and hybrids. Wallflower: Erysimum hybrids.,
garden-gate:170:p042:image:01,170,42,image,3 Ways to Get Free Plants: Stem Cuttings,Sherri Ribbey,"Photo of a small rooted stem cutting with fresh green leaves and visible roots, illustrating a transplant-ready cutting grown in potting mix.",
garden-gate:170:p043:text:01,170,43,text,3 Ways to Get Free Plants: Rooting Hormone,Sherri Ribbey,"3 Ways to Get Free Plants - Rooting Hormone. This is the time to apply rooting hormone (2) if you’re going to. It’s not essential, but it can help some plants take off more quickly. Rooting hormone is available as a powder, gel or liquid and in different strengths, depending on the type of plant you’re propagating. The weakest strength —0.1— is sufficient for stem cuttings like these. Stick the exposed leaf joints in the potting mix and firm the mix in place.",
garden-gate:170:p043:text:02,170,43,text,3 Ways to Get Free Plants: Encourage Your Cuttings,Sherri Ribbey,"3 Ways to Get Free Plants - Encourage Your Cuttings. Place the cuttings-filled container (3) under grow lights or in the indirect sunlight of a south-facing window. Keep the growing medium moist but not soggy and the temperature between 65 to 75 degrees F. Use a nursery flat with a plastic lid or create a tent with a plastic bag to provide extra humidity. You’ll know the stems have formed roots when a gentle tug meets with some resistance. This can take a few weeks or a few months, depending on the plant. Once the roots are at least an inch long, transplant the cuttings to a slightly larger container. When there are three or four new sets of leaves, they’re ready to be hardened off and planted outdoors.",
garden-gate:170:p043:text:03,170,43,text,3 Ways to Get Free Plants: Stem Cutting Callouts,Sherri Ribbey,3 Ways to Get Free Plants - Stem cutting callouts. Pinch off the growth tip to encourage branching. Cut just below a leaf joint; this is where roots will form. The leaves that were cut off and any leftover stem pieces can be tossed. Pour a bit of rooting hormone into a separate container before using it to prevent contaminating the powder in the original vessel.,
garden-gate:170:p043:image:01,170,43,image,3 Ways to Get Free Plants: Preparing Cuban Oregano Cuttings,Sherri Ribbey,"Technique photo showing Cuban oregano stem cuttings prepared on a table, with callouts for pinching the growth tip, cutting below a leaf joint, and discarding removed leaves and leftover stem pieces.",
garden-gate:170:p043:image:02,170,43,image,3 Ways to Get Free Plants: Rooting Hormone,Sherri Ribbey,Technique photo showing a stem cutting being inserted into potting mix after using rooting hormone from a separate container to avoid contaminating the original powder.,
garden-gate:170:p043:image:03,170,43,image,3 Ways to Get Free Plants: Cutting Flat,Sherri Ribbey,"Nursery flat of young cuttings labeled variegated Cuban oregano, iresine, alternanthera, and Cuban oregano.",
garden-gate:170:p044:text:01,170,44,text,3 Ways to Get Free Plants: Division,Sherri Ribbey,"3 Ways to Get Free Plants - Get More Perennials with Division. When you want more perennials, division is the fastest and simplest method. All you need is a spade or garden fork. You can divide most perennials, but those with taproots, such as butterfly weed or baptisia, don’t bounce back as reliably as those with fibrous root systems, such as garden phlox or daylily.",
garden-gate:170:p044:text:02,170,44,text,3 Ways to Get Free Plants: When to Divide,Sherri Ribbey,"3 Ways to Get Free Plants - When to Divide. Spring is a great time to divide. It’s cooler and there’s usually plenty of rain so plants aren’t stressed out before or after being dug. Plus, new growth is just getting started. Fall is also a good time: Temperatures are cooling down and the sun isn’t as intense, so plants can recover more easily. Be sure to allow 4 to 6 weeks before your expected first frost so plants have time to put on a few roots before the soil freezes. This will help them survive winter.",
garden-gate:170:p044:text:03,170,44,text,3 Ways to Get Free Plants: How to Divide,Sherri Ribbey,"3 Ways to Get Free Plants - How to Divide. You can either slice pieces off the edge of the plant or lift the whole clump and divide it (1). Some plants will just fall apart once they’re out of the ground, while for others you’ll need a sharp spade or soil knife (2) to create divisions. Just be sure that each piece has some roots and a few leaves.",
garden-gate:170:p044:text:04,170,44,text,3 Ways to Get Free Plants: Replanting Divisions,Sherri Ribbey,"3 Ways to Get Free Plants - Replanting Divisions. Get the new divisions planted at the same depth they were growing in the ground or in a pot right away. You’ll want to keep them watered if it doesn’t rain so new roots get going and the foliage doesn’t get crispy. If your new division is in full sun, create some temporary shade so it doesn’t get cooked by the heat: Attach landscape fabric to a tomato cage and leave it in place for a week or so until the plant settles in.",
garden-gate:170:p044:text:05,170,44,text,3 Ways to Get Free Plants: Division Captions,Sherri Ribbey,"3 Ways to Get Free Plants - Division captions. It was easy to pull apart the fibrous roots of this garden phlox with a garden fork (1). But in a couple of spots the roots were so thick that it took a knife (2) to get them apart. Give your new division a head start by placing it in the hole, then watering before filling the hole with soil and watering again.",
garden-gate:170:p044:text:06,170,44,text,3 Ways to Get Free Plants: Botanical Names for Division,Sherri Ribbey,3 Ways to Get Free Plants - Botanical Names. Baptisia: Baptisia spp. and hybrids. Butterfly weed: Asclepias tuberosa. Daylily: Hemerocallis spp. and hybrids. Garden phlox: Phlox paniculata.,
garden-gate:170:p044:image:01,170,44,image,3 Ways to Get Free Plants: Dividing Garden Phlox,Sherri Ribbey,"Technique photos showing garden phlox division: lifting fibrous roots with a garden fork, cutting dense roots apart with a knife, and watering a newly placed division before backfilling.",
garden-gate:170:p045:text:01,170,45,text,3 Ways to Get Free Plants: Simple Layering,Sherri Ribbey,"3 Ways to Get Free Plants - Get More Shrubs with Simple Layering. Some shrubs will do this on their own if they have a low-growing branch touching the soil. This technique works for lots of woody plants, such as vines and shrubs. Look for flexible stems—roots form more easily on young growth.",
garden-gate:170:p045:text:02,170,45,text,3 Ways to Get Free Plants: When to Layer,Sherri Ribbey,"3 Ways to Get Free Plants - When to Layer. Any time of year will work, but fall or early spring is best because cooler temperatures and rain help them take off more quickly.",
garden-gate:170:p045:text:03,170,45,text,3 Ways to Get Free Plants: How to Layer,Sherri Ribbey,"3 Ways to Get Free Plants - How to Layer. You may be able to anchor a stem to the soil with a rock and the plant will root on its own. But to ensure growth, find a low-growing stem that’s 2 to 3 feet long. Dig a shallow 3- to 4-inch-deep hole just under the spot where you can bend it over to touch the ground. If there are leaves, strip them off of the portion that will be underground. Then cut a shallow 1-inch-long wound in that spot on the stem (1). Brush some rooting hormone on if you’d like and pin the stem in place (2).",
garden-gate:170:p045:text:04,170,45,text,3 Ways to Get Free Plants: Staking a Layered Stem,Sherri Ribbey,3 Ways to Get Free Plants - Staking a Layered Stem. Bend the tip upward and secure it to a stake to encourage upright growth (3). Refill the hole with soil and water thoroughly. Make sure the soil has settled in to cover the wound so it doesn’t dry out.,
garden-gate:170:p045:text:05,170,45,text,3 Ways to Get Free Plants: Give Them Time to Root,Sherri Ribbey,"3 Ways to Get Free Plants - Give Them Time to Root. It can take up to a year for roots to form, depending on the plant and the growing conditions. To check progress, carefully brush away the soil and pull up the landscape pin. Ideally, after a year of growing, there should be a nice cluster of roots and you can cut your new shrub away from the mother plant. But if you only see one or two roots, it’s a good idea to cover the stem and keep it attached for another season.",
garden-gate:170:p045:text:06,170,45,text,3 Ways to Get Free Plants,Sherri Ribbey,"Whether you’re a propagation pro or new to the craft, give these easy techniques a try and you’ll be able to fill borders and containers without busting your budget. —Sherri Ribbey",
garden-gate:170:p045:text:07,170,45,text,3 Ways to Get Free Plants: Sherri's Tip,Sherri Ribbey,3 Ways to Get Free Plants - Sherri’s tip. Sherri likes to take advantage of the stems she accidentally breaks off when it’s time to plant her coleus and Swedish ivy. She pops them in some potting mix and has new plants in just a few weeks.,
garden-gate:170:p045:text:08,170,45,text,3 Ways to Get Free Plants: Shrubs to Layer,Sherri Ribbey,3 Ways to Get Free Plants - Shrubs to Layer. Azalea: Rhododendron spp. and hybrids. Boxwood: Buxus spp. and hybrids. Clematis: Clematis spp. and hybrids. Climbing rose: Rosa spp. and hybrids. Common lilac: Syringa vulgaris. Forsythia: Forsythia x intermedia. Honeysuckle: Lonicera spp. and hybrids.,
garden-gate:170:p045:image:01,170,45,image,3 Ways to Get Free Plants: Simple Layering,Sherri Ribbey,"Technique photos showing simple layering: cutting away the outer bark layer on a woody stem, pinning the wounded stem down before covering it with soil, and tying the stem tip to a stake for upright growth.",
garden-gate:170:p046:text:01,170,46,text,How Many Vegetables Should You Plant?,Marisa Reyes,"How Many Vegetables Should You Plant? We’ll help you grow just what you need! When I first started vegetable gardening, I would sow every single seed in the envelope and plant every seedling in the pack, take care of hundreds of my growing babies and struggle with letting any of them go. Oversowing and overplanting left me with more produce than I could handle and sometimes weird-looking, stunted crops that were growing too close together. There was no way everything that germinated would fit in my garden, but watching those little seeds sprout and turn into plants was a treat in itself.",
garden-gate:170:p046:text:02,170,46,text,How Many Vegetables Should You Plant?,Marisa Reyes,"How Many Vegetables Should You Plant? Every year of experience with a vegetable garden helps you decide what to do the following year, but if you’re not sure if you’re planting enough or too much of a particular crop, start with the table on the right. It’ll help you decide whether to start with seeds or plants, how many to put in, and whether (and how much) to thin. If you’re getting started with vegetable gardening, this will help you mix and match your favorite crops into the space you have. These suggestions are based on fresh eating for a single person or a family of four, for four or five meals. You may decide you want to eat more than that, but it’s a starting point. If you’d like to freeze, can or pickle, decide how many meals you’d like to eat throughout the year and adjust accordingly.",
garden-gate:170:p046:text:03,170,46,text,How Many Vegetables Should You Plant?,Marisa Reyes,How Many Vegetables Should You Plant? Happy planting! —Marisa Reyes,
garden-gate:170:p046:text:04,170,46,text,How Many Vegetables Should You Plant?: Marisa's Note,Marisa Reyes,"How Many Vegetables Should You Plant? Even though she knows better, Marisa still always goes overboard on tomatoes, but her family and friends never complain!",
garden-gate:170:p046:image:01,170,46,image,How Many Vegetables Should You Plant?,Lisa Nunamaker,"Decorative vegetable illustration for a planting guide, with line drawings of carrots, peas, tomatoes, broccoli, leafy greens, peppers, and other crops around the article title.",
garden-gate:170:p047:text:01,170,47,text,How Many Vegetables Should You Plant?: Beans,Marisa Reyes,How Many Vegetables Should You Plant? Beans: Plant 10 to 15 plants per 1 person or 40 to 45 plants for 4 people. Thin seedlings to 2 to 3 in. Direct sow seeds. Comment: Plant successive crops every two weeks for a continuous harvest; great for canning and pickling.,
garden-gate:170:p047:text:02,170,47,text,How Many Vegetables Should You Plant?: Beets,Marisa Reyes,How Many Vegetables Should You Plant? Beets: Plant 10 to 12 plants per 1 person or 40 to 48 plants for 4 people. Thin seedlings to 3 in. Direct sow seeds. Comment: Beets store well; plant in spring and fall for two harvests each year.,
garden-gate:170:p047:text:03,170,47,text,How Many Vegetables Should You Plant?: Broccoli,Marisa Reyes,"How Many Vegetables Should You Plant? Broccoli: Plant 1 to 2 plants per 1 person or 4 to 6 plants for 4 people. Plant spacing is 15 in. Transplant seedlings. Comment: Every time you cut a head, more smaller ones will form.",
garden-gate:170:p047:text:04,170,47,text,How Many Vegetables Should You Plant?: Cabbage,Marisa Reyes,How Many Vegetables Should You Plant? Cabbage: Plant 2 to 3 plants per 1 person or 8 to 10 plants for 4 people. Thin seedlings to 9 to 12 in. Direct sow seeds or transplant seedlings. Comment: Plant cabbage closer together for smaller heads.,
garden-gate:170:p047:text:05,170,47,text,How Many Vegetables Should You Plant?: Carrots,Marisa Reyes,How Many Vegetables Should You Plant? Carrots: Plant 20 to 30 plants per 1 person or 80 to 90 plants for 4 people. Thin seedlings to 1 to 2 in. Direct sow seeds. Comment: Long shelf life; plant in spring and fall for multiple harvests.,
garden-gate:170:p047:text:06,170,47,text,How Many Vegetables Should You Plant?: Celery,Marisa Reyes,How Many Vegetables Should You Plant? Celery: Plant 1 to 2 plants per 1 person or 4 to 6 plants for 4 people. Plant spacing is 8 to 12 in. Transplant seedlings. Comment: Stronger taste than store bought; celery stalks will regrow after being cut.,
garden-gate:170:p047:text:07,170,47,text,How Many Vegetables Should You Plant?: Corn,Marisa Reyes,How Many Vegetables Should You Plant? Corn: Plant 10 to 12 plants per 1 person or 40 to 48 plants for 4 people. Plant spacing is 12 in. Direct sow seeds. Comment: Plant in blocks for best pollination.,
garden-gate:170:p047:text:08,170,47,text,How Many Vegetables Should You Plant?: Cucumbers,Marisa Reyes,How Many Vegetables Should You Plant? Cucumbers: Plant 1 to 2 plants per 1 person or 3 to 4 plants for 4 people. Thin seedlings to 12 to 24 in. Direct sow seeds or transplant seedlings. Comment: Plant 12 in. apart if using a trellis system and 24 in. apart if they’re rambling on the ground.,
garden-gate:170:p047:text:09,170,47,text,How Many Vegetables Should You Plant?: Lettuce,Marisa Reyes,How Many Vegetables Should You Plant? Lettuce: Plant 4 to 6 plants per 1 person or 16 to 24 plants for 4 people. Thin seedlings to 9 in. Direct sow seeds or transplant seedlings. Comment: Stagger sowing for one head per week per person.,
garden-gate:170:p047:text:10,170,47,text,How Many Vegetables Should You Plant?: Melons,Marisa Reyes,How Many Vegetables Should You Plant? Melons: Plant 1 to 2 plants per 1 person or 2 to 4 plants for 4 people. Plant spacing is 24 in. Direct sow seeds. Comment: Plant two seeds per hole in mounds 24 inches apart.,
garden-gate:170:p047:text:11,170,47,text,How Many Vegetables Should You Plant?: Onions,Marisa Reyes,"How Many Vegetables Should You Plant? Onions: Plant 6 to 12 plants per 1 person or 24 to 48 plants for 4 people. Plant spacing is 4 to 6 in. Transplant seedlings. Comment: Buy sets (individual bulbs) or plants (in bundles) and plant two per person, per week.",
garden-gate:170:p047:text:12,170,47,text,How Many Vegetables Should You Plant?: Peas,Marisa Reyes,How Many Vegetables Should You Plant? Peas: Plant 15 to 20 plants per 1 person or 60 to 80 plants for 4 people. Thin seedlings to 2 in. Direct sow seeds or transplant seedlings. Comment: Grow peas on a trellis.,
garden-gate:170:p047:text:13,170,47,text,How Many Vegetables Should You Plant?: Peppers,Marisa Reyes,"How Many Vegetables Should You Plant? Peppers: Plant 1 to 3 plants per 1 person or 1 to 12 plants for 4 people. Plant spacing is 12 to 24 in. Transplant seedlings. Comment: Most hot peppers are prolific: one plant is enough for one or four people; for larger peppers, grow two to three plants per person.",
garden-gate:170:p047:text:14,170,47,text,How Many Vegetables Should You Plant?: Potatoes,Marisa Reyes,How Many Vegetables Should You Plant? Potatoes: Plant 4 to 6 plants per 1 person or 12 to 24 plants for 4 people. Plant spacing is 12 in. Plant seed potatoes directly. Comment: Seed potatoes are tubers you plant in the ground; each plant will yield 1 lb. of potatoes.,
garden-gate:170:p047:text:15,170,47,text,How Many Vegetables Should You Plant?: Spinach,Marisa Reyes,How Many Vegetables Should You Plant? Spinach: Plant 4 to 8 plants per 1 person or 16 to 32 plants for 4 people. Thin seedlings to 3 to 6 in. Direct sow seeds or transplant seedlings. Comment: Plant in spring and fall for two harvests a year.,
garden-gate:170:p047:text:16,170,47,text,How Many Vegetables Should You Plant?: Squash,Marisa Reyes,"How Many Vegetables Should You Plant? Squash, summer + winter: Plant 1 to 2 plants per 1 person or 2 to 4 plants for 4 people. Thin seedlings to 18 to 36 in. Direct sow seeds or transplant seedlings. Comment: Plant summer squash 18 in. apart and larger plants of winter squash 36 in. apart.",
garden-gate:170:p047:text:17,170,47,text,How Many Vegetables Should You Plant?: Tomatoes,Marisa Reyes,How Many Vegetables Should You Plant? Tomatoes: Plant 1 to 4 plants per 1 person or 1 to 16 plants for 4 people. Plant spacing is 12 to 24 in. Transplant seedlings. Comment: Cherries: Grow one per person; slicing: grow one to two per person; paste: grow three to four per person.,
garden-gate:170:p047:image:01,170,47,image,How Many Vegetables Should You Plant?: Vegetable Planting Table,Lisa Nunamaker,"Illustrated vegetable planting table comparing plants per person, plants for four people, spacing, direct-sowing, transplanting, and crop-specific comments for beans, beets, broccoli, cabbage, carrots, celery, corn, cucumbers, lettuce, melons, onions, peas, peppers, potatoes, spinach, squash, and tomatoes.",
garden-gate:170:p048:image:01,170,48,image,Showstopping Curb Appeal,Kristin Beane Sullivan,"Opening garden photo for “Showstopping Curb Appeal,” showing a red brick home framed by mature trees, a front-yard island bed, spring tulips, daffodils, windflowers, shrubs, and a stone path.",
garden-gate:170:p049:image:01,170,49,image,Showstopping Curb Appeal,Kristin Beane Sullivan,"Wide front-yard garden view with a red brick home, mature pin oaks, layered shrubs, spring bulbs, groundcovers, garden seating, and curving paths that create curb appeal.",
garden-gate:170:p050:text:01,170,50,text,Showstopping Curb Appeal: An Impressive Island Bed,Kristin Beane Sullivan,"Showstopping Curb Appeal: Learn the secrets to a front-yard garden with big impact! An Impressive Island Bed. Like many of us, Renee Minirth’s Memphis garden started with a few pass-along plants several years ago: Three English rose cuttings from her father-in-law. These few plants ignited Renee’s interest in gardening.",
garden-gate:170:p050:text:02,170,50,text,Showstopping Curb Appeal: An Impressive Island Bed,Kristin Beane Sullivan,"Showstopping Curb Appeal - An Impressive Island Bed. Fast forward to 2015 when Renee’s family moved into their second house (and brought the roses), and her hobby blossomed. Renee decided to mostly start over on the front-yard landscaping because it appeared that drought and disease had taken their toll on the once-beautiful boxwoods and azaleas. She replanted the foundation plantings with new boxwoods and yews but every trip to the garden center revealed new plants that she wanted to try.",
garden-gate:170:p050:text:03,170,50,text,Showstopping Curb Appeal: An Impressive Island Bed,Kristin Beane Sullivan,"Showstopping Curb Appeal - An Impressive Island Bed. And then the pandemic hit. Renee, a forensic psychiatrist, was working long, difficult hours and found herself spending the rest of her time at home. “I poured myself into the garden as a means of coping. Garden is my exercise, my mental relief and my art form,” she says.",
garden-gate:170:p050:text:04,170,50,text,Showstopping Curb Appeal: Island Bed Design,Kristin Beane Sullivan,"Showstopping Curb Appeal - Island Bed Design. In spring 2021, Renee decided to expand the beds in the front yard. You can see the original pin oaks with small circles of ground cover and several lanky azaleas beneath them in the before photo at left. Renee played around with the idea of two islands but realized that this just wouldn’t be enough room for all of the plants that she had in mind. So in the end, she drew up a large kidney-shaped bed with a pathway through the middle that joined the two trees together.",
garden-gate:170:p050:text:05,170,50,text,Showstopping Curb Appeal: Start with Structure,Kristin Beane Sullivan,"Showstopping Curb Appeal - Start with Structure. She cut back the old azaleas to rejuvenate them, then once another local gardener helped her identify them as ‘Girard’s Pleasant White,’ she added several more of that variety in a semicircle. Other shrubs snake through the bed in curving rows to give it background and structure. They include Sprinter® littleleaf boxwood, ‘Otto Luyken’ dwarf cherry laurel and Ivory Halo Tartarian dogwood. She bridged the gap between the tall pin oaks and lower-growing shrubs with ‘Appalachian Spring’ flowering dogwood, which was bred at the University of Tennessee and is well suited to the climate in this Memphis garden.",
garden-gate:170:p050:text:06,170,50,text,Showstopping Curb Appeal: Botanical Names,Kristin Beane Sullivan,Showstopping Curb Appeal - Botanical Names. Azalea: Rhododendron spp. and hybrids. Boxwood: Buxus spp. and hybrids. Caladium: Caladium hybrids. Cherry laurel: Prunus laurocerasus. Coleus: Plectranthus scutellarioides. Flowering dogwood: Cornus florida. Impatiens: Impatiens hybrids. Littleleaf boxwood: Buxus microphylla. Pin oak: Quercus palustris. Rose: Rosa hybrids. Tartarian dogwood: Cornus alba. Tulip: Tulipa spp. and hybrids. Yew: Taxus spp. and hybrids.,
garden-gate:170:p050:text:07,170,50,text,Showstopping Curb Appeal: Pathway Caption,Kristin Beane Sullivan,Showstopping Curb Appeal - Pathway caption. A pathway into the center of the island bed makes it easier to get into the garden for maintenance.,
garden-gate:170:p050:image:01,170,50,image,Showstopping Curb Appeal: Island Bed,Kristin Beane Sullivan,"Large front-yard island bed photo labeled with ‘Girard’s Pleasant White’ azalea, Sprinter boxwood, and ‘Otto Luyken’ cherry laurel, showing layered spring bulbs and shrubs in front of a brick home.",
garden-gate:170:p050:image:02,170,50,image,Showstopping Curb Appeal: Before Photo,Renee Minirth,Before photo of the front yard showing two pin oaks with small circles of groundcover and sparse azaleas before the large kidney-shaped island bed was added.,
garden-gate:170:p051:text:01,170,51,text,Showstopping Curb Appeal: Planting Around Trees,Kristin Beane Sullivan,"Showstopping Curb Appeal - Planting Around Trees. If you’ve ever tried to plant a garden around an existing tree, you know that your first goal is to keep the established tree healthy. That’s why Renee was careful not to damage any large roots when she dug holes for the shrubs. Luckily, oak trees tend to have fewer surface roots than some, so it’s easier than it might have been under a different type of tree.",
garden-gate:170:p051:text:02,170,51,text,Showstopping Curb Appeal: Add in Color,Kristin Beane Sullivan,"Showstopping Curb Appeal - Add in Color. Once Renee had the shape and structure of this front yard put together, she planted a combination of bulbs, annuals and perennials to keep a colorful show going from early spring through fall. It starts with the tulips in photo 1, and by summer, when the trees are all leafed out, she replaces them with shade-loving annuals, such as impatiens and coleus, and the colorful caladiums in photo 2. She’s able to dig up and save about a third of the caladiums from year to year, but others fade away and need to be replaced. The impact they make in this highly visible spot makes it worth the work.",
garden-gate:170:p051:text:03,170,51,text,Showstopping Curb Appeal: Bulb Impact,Kristin Beane Sullivan,"Showstopping Curb Appeal - Bulb Impact. As you can see, bulbs are a big part of what makes this garden so spectacular in spring.",
garden-gate:170:p051:text:04,170,51,text,Showstopping Curb Appeal: Caladium Caption,Kristin Beane Sullivan,"Showstopping Curb Appeal - Caladium caption. Caladiums give the biggest color impact in summer against a backdrop of Sprinter boxwoods, ‘Otto Luyken’ cherry laurel and Ivory Halo Tartarian dogwood.",
garden-gate:170:p051:image:01,170,51,image,Showstopping Curb Appeal: Caladiums,Renee Minirth,"Summer garden photo showing masses of ‘Tapestry’ caladium and ‘Florida Red’ caladium beneath mature trees, backed by Sprinter boxwoods, ‘Otto Luyken’ cherry laurel, and Ivory Halo Tartarian dogwood.",
garden-gate:170:p051:image:02,170,51,image,Showstopping Curb Appeal: Renee Minirth,Kristin Beane Sullivan,Portrait of gardener Renee Minirth standing in her colorful front-yard garden.,
garden-gate:170:p052:image:01,170,52,image,Showstopping Curb Appeal: Tulips,Kristin Beane Sullivan,Spring bulb photo showing pink ‘Foxtrot’ tulips mixed with green-white ‘Spring Green’ viridiflora tulips in Renee Minirth’s front-yard border.,
garden-gate:170:p052:image:02,170,52,image,Showstopping Curb Appeal: Sunshine Boys Daffodil Blend,Kristin Beane Sullivan,"Close-up garden photo of the Sunshine Boys daffodil blend, with white and yellow daffodils blooming in a spring border.",
garden-gate:170:p052:image:03,170,52,image,Showstopping Curb Appeal: Windflower,Kristin Beane Sullivan,Close-up photo of pink windflowers blooming among spring foliage in the front-yard garden.,
garden-gate:170:p053:text:01,170,53,text,Showstopping Curb Appeal: Spring Bulb Favorites,Kristin Beane Sullivan,"Showstopping Curb Appeal - Spring Bulb Favorites. This garden has plenty to look at all year, but its spring show is especially impressive. Renee says that she planted 4,600 spring-blooming bulbs, including tulips and daffodils, a couple of years ago. You can see the results of that hard work on these pages. She doesn’t plant that many every year, as many return.",
garden-gate:170:p053:text:02,170,53,text,Showstopping Curb Appeal: Planting Bulbs in Trenches,Kristin Beane Sullivan,"Showstopping Curb Appeal - Planting Bulbs in Trenches. If you’re planting in open bed space, the easiest way to plant large numbers of bulbs is to dig a trench in fall, drop in the bulbs and shovel soil over them. Put a mix of early, mid- and late-blooming varieties in the same trench and you’ll guarantee color for several weeks, or even months. Renee says that she gets the longest show out of early and midseason varieties because by the time the late tulips bloom, the weather is turning hot, which causes the flowers to fade faster. Trenching isn’t an option for every spot in this garden, so in the spaces between companion perennials, Renee digs bulbs in individually.",
garden-gate:170:p053:text:03,170,53,text,Showstopping Curb Appeal: A Few Favorites,Kristin Beane Sullivan,"Showstopping Curb Appeal - A Few Favorites. Pink and blue are Renee’s favorite flower colors, so she starts with those two base colors, and usually adds accents of white and yellow. The pink tulips include early ‘Foxtrot’ and ‘Spring Green’ at left, midseason white-tinged-with-pink ‘Infinity’ and late-blooming ‘Sauternes.’ The cheerful Sunshine Boys™ daffodil blend at left is a terrific way to start the season, and fragrant white ‘Thalia’ daffodils are a favorite in midspring. Long-lasting blue, pink and white windflowers have multiplied beautifully along the borders. Finally, every year Renee likes to try some new surprises. This year she loved ‘Black Hero’ tulips, so they may make it into the regular rotation as well.",
garden-gate:170:p053:text:04,170,53,text,Showstopping Curb Appeal: Returning Bulbs,Kristin Beane Sullivan,"Showstopping Curb Appeal - Returning Bulbs. Daffodils and windflowers return reliably and, in fact, multiply. While Renee doesn’t pull and replace the tulips, she also can’t count on them to return, so she adds more each fall to guarantee blooms, as they tend to fade out after a few years—and often get eaten by her nemesis, voles.",
garden-gate:170:p053:text:05,170,53,text,Showstopping Curb Appeal: Tulips in Containers,Kristin Beane Sullivan,"Showstopping Curb Appeal - Try Tulips in Containers. Tulips also make beautiful container plants. In photo 3, you can see how Renee keeps several simple pots tucked in an out-of-the-way spot all winter, and as each pot is about to burst into bloom, it’s ready to move to a spot on the patio or next to the front door. Another perfect use? Plant tulip bulbs in your vegetable beds and use them as cut flowers before you need the space for other plants later.",
garden-gate:170:p053:text:06,170,53,text,Showstopping Curb Appeal: Container Caption,Kristin Beane Sullivan,Showstopping Curb Appeal - Splash color around your garden. Containers are a great way to use up extra bulbs that you didn’t get into the ground in fall or show off those that you snag at end-of-season clearance sales.,
garden-gate:170:p053:text:07,170,53,text,Showstopping Curb Appeal: Spring Bulb Botanical Names,Kristin Beane Sullivan,Showstopping Curb Appeal - Spring Bulb Botanical Names. Daffodil: Narcissus spp. and hybrids. Tulip: Tulipa spp. and hybrids. Windflower: Anemone coronaria.,
garden-gate:170:p053:image:01,170,53,image,Showstopping Curb Appeal: Tulips in Containers,Kristin Beane Sullivan,"Photo of terracotta containers filled with tulip bulbs and foliage, staged out of the way until the pots are ready to move into bloom near a patio or front door.",
garden-gate:170:p054:text:01,170,54,text,Showstopping Curb Appeal: Multiseason Appeal,Kristin Beane Sullivan,"Showstopping Curb Appeal - Multiseason Appeal. The mix of plants in this front yard ensures that there’s something beautiful to look at year-round. In spring it’s the bulbs and early emerging plants beneath still-leafless trees in photo 4. The structure of the repeated shrubs make a great backdrop, and by late spring, they have come into their own. Some favorite perennials in this shady front yard include coral bells, hostas, coneflowers and toad lilies, which bloom in late summer or fall. In photo 5 you can see that by summer, the panicle hydrangeas have reached their glory and make a big impact in that spot as well. What a welcome!",
garden-gate:170:p054:text:02,170,54,text,Showstopping Curb Appeal: Practical Matters,Kristin Beane Sullivan,"Showstopping Curb Appeal - Practical Matters. Gardening in Memphis definitely presents its challenges. There’s usually plenty of rainfall (although 2022 was an especially dry year), so Renee doesn’t irrigate very often, but lots of moisture paired with the characteristic Tennessee heat creates a different problem: fungal diseases. The few roses she grows in the backyard are especially susceptible to blackspot. But she doesn’t want to give up on them; they were her first plants, after all. So she starts spraying them with a copper fungicide in late winter, which helps, but by midsummer many have succumbed, so she leaves them alone and the following spring they re-emerge with fresh foliage.",
garden-gate:170:p054:text:03,170,54,text,Showstopping Curb Appeal: Vole Control,Kristin Beane Sullivan,"Showstopping Curb Appeal - Vole Control. These little rodents eat bulbs, tunnel in the lawn and chew up perennial and shrub roots. However, Renee takes a big-picture approach: “I prefer to live with them and work with the natural order of things, so I encourage natural predators like owls and the two hawk families that live in the yard.” She refuses to use poison to kill the critters because she doesn’t want to hurt the birds. So she tries to live with the damage and protects the plants that they seem to hurt most: She often plants new hydrangeas in wire mesh baskets to protect the roots. But that isn’t a realistic solution for hundreds of bulbs. She’s discovered that a 12-inch-deep trench filled with sharp lava rock installed around bed edges seems to deter them, so she puts this in spots that are especially hard hit.",
garden-gate:170:p054:text:04,170,54,text,Showstopping Curb Appeal: Multiseason Botanical Names,Kristin Beane Sullivan,Showstopping Curb Appeal - Multiseason Botanical Names. Australian sword fern: Nephrolepis obliterata. Coneflower: Echinacea purpurea. Coral bells: Heuchera hybrids. Hosta: Hosta hybrids. Panicle hydrangea: Hydrangea paniculata. Rose: Rosa hybrids. Toad lily: Tricyrtis spp. and hybrids. Windflower: Anemone coronaria.,
garden-gate:170:p054:text:05,170,54,text,Showstopping Curb Appeal: Windflower Caption,Kristin Beane Sullivan,Showstopping Curb Appeal - Windflower caption. Dainty blue ‘Mr. Fokkers’ windflower blooms for weeks before the larger perennials and shrubs leaf out in midspring.,
garden-gate:170:p054:text:06,170,54,text,Showstopping Curb Appeal: Summer Caption,Kristin Beane Sullivan,"Showstopping Curb Appeal - Summer caption. By summer, big blowsy Bobo® Panicle hydrangea flowers and ‘Ruby Giant’ coneflower welcome visitors up the walk.",
garden-gate:170:p054:image:01,170,54,image,Showstopping Curb Appeal: 'Mr. Fokkers' Windflower,Renee Minirth,Spring garden photo showing blue ‘Mr. Fokkers’ windflowers blooming along a brick walk before larger perennials and shrubs leaf out.,
garden-gate:170:p054:image:02,170,54,image,Showstopping Curb Appeal: Bobo® Panicle Hydrangea and 'Ruby Giant' Coneflower,Renee Minirth,"Summer front-walk planting with Bobo® panicle hydrangea flowers, pink ‘Ruby Giant’ purple coneflowers, caladium foliage, and a birdbath.",
garden-gate:170:p055:text:01,170,55,text,Showstopping Curb Appeal: Australian Sword Fern Caption,Kristin Beane Sullivan,Showstopping Curb Appeal - Australian sword fern caption. ‘Kimberly Queen’ Australian sword ferns are a Southern staple. Set these tender plants in the garden in early spring for months of impact.,
garden-gate:170:p055:text:02,170,55,text,Showstopping Curb Appeal: Classic Hardscaping,Kristin Beane Sullivan,"Showstopping Curb Appeal - Classic Hardscaping. Plants aren’t the only thing that makes this garden so appealing. Brick walls, paths and pedestals add both repetition and punctuation to the design and create an alcove around the seating area in photos 6 and 7. Renee enjoys her morning coffee here, and it’s one of three benches tucked into different spots around the front yard, all offering unique views and a surprising amount of privacy. Renee calls the lamp next to this bench her “Narnia lamp.” It’s the perfect entrance to her garden escape. —Kristin Beane Sullivan",
garden-gate:170:p055:text:03,170,55,text,Showstopping Curb Appeal: Hardscape Caption,Kristin Beane Sullivan,Showstopping Curb Appeal - Hardscape caption. Classic wrought-iron furniture and urns blend in perfectly with the traditional brick hardscaping and crisp edges in the rest of this front yard.,
garden-gate:170:p055:text:04,170,55,text,Showstopping Curb Appeal: Kristin's Note,Kristin Beane Sullivan,"Showstopping Curb Appeal - Kristin’s note. Kristin agrees that gardening is good therapy, and finds digging into a big weeding or pruning project to be a great stress reliever. Is it the sun, the soil, the sense of accomplishment? Probably all of the above!",
garden-gate:170:p055:image:01,170,55,image,Showstopping Curb Appeal: 'Kimberly Queen' Australian Sword Ferns,Kristin Beane Sullivan,Patio garden photo showing large ‘Kimberly Queen’ Australian sword ferns around a brick seating area with blue-and-white containers and formal clipped shrubs.,
garden-gate:170:p055:image:02,170,55,image,Showstopping Curb Appeal: Classic Hardscaping,Kristin Beane Sullivan,"Front-yard seating photo showing classic wrought-iron furniture, urns, brick walls, brick paths, a lamp post, crisp garden edges, and spring bulbs around the bench alcove.",
garden-gate:170:p056:text:01,170,56,text,Which Garden Trends Suit You?,Chloe Deike,"Which Garden Trends Suit You? Let our quiz help you find a fresh take on your garden style. Gardens don’t stay the same from year to year—we try new plants, tweak the layout, experiment with growing methods—that’s the fun of gardening. But every once in a while, we need some sparkling new ideas to motivate us. If you’re unsure about which is the next best step for your space, or if you simply want to be in tune with the gardening world’s most current obsessions, take the following quiz to determine your general gardening style. Then flip to your personalized inspiration page to uncover a tailored collection of trends that are sure to fit right in with your taste and preferences. Which new idea is waiting to hook you? —Chloe Deike",
garden-gate:170:p056:text:02,170,56,text,Which Garden Trends Suit You?: Chloe's Note,Chloe Deike,"Which Garden Trends Suit You? Chloe enjoys scoping out new, inspiring ideas while meandering through the gardens of friends, acquaintances and neighbors.",
garden-gate:170:p058:text:01,170,58,text,Which Garden Trends Suit You?: Flowery Maximalism,Chloe Deike,"Which Garden Trends Suit You? Flowery Maximalism. We’re all familiar with the term minimalism by now—the idea that less is more has been trendy for a while. But in the opposite way, a flowery maximalism garden style has a different goal: to fill every inch of available space with plants.",
garden-gate:170:p058:text:02,170,58,text,Which Garden Trends Suit You?: Flowery Maximalism,Chloe Deike,"Which Garden Trends Suit You? Flowery Maximalism. Take a stroll along the paths of this garden and run your hand through the blooming perennials. Notice vegetables ripening within the beds and borders while vining plants climb overhead. You might even be hit with some nostalgia as you spot a couple classic flowering shrubs, such as a common lilac or panicle hydrangea.",
garden-gate:170:p058:text:03,170,58,text,Which Garden Trends Suit You?: Flowery Maximalism,Chloe Deike,"Which Garden Trends Suit You? Flowery Maximalism. Though the overall look of the garden might lean a little bit wild, every plant is thoughtfully placed and boasts more than one beneficial quality, whether it produces a harvest, provides important nutrition for butterflies and bees or flowers prolifically.",
garden-gate:170:p058:text:04,170,58,text,Which Garden Trends Suit You?: Flowery Maximalism Care,Chloe Deike,"Which Garden Trends Suit You? Flowery Maximalism care. A garden like this requires regular care from a knowledgeable gardener, but the maintenance tasks are simple and not very time consuming. Your main focus is building quality soil so that your plants grow strong, healthy and produce bountifully. If you don’t already compost, now is a good time to start.",
garden-gate:170:p058:text:05,170,58,text,Which Garden Trends Suit You?: Flowery Maximalism Trends,Chloe Deike,"Which Garden Trends Suit You? Flowery Maximalism - The trends for you: Vegetables grown within ornamental borders; pollinator conscious and wildlife-friendly; nostalgic, timeless shrubs; bright and cheerful color scheme.",
garden-gate:170:p058:text:06,170,58,text,Which Garden Trends Suit You?: Flowery Maximalism Botanical Names,Chloe Deike,Which Garden Trends Suit You? Flowery Maximalism - Botanical Names. Common lilac: Syringa vulgaris. Common violet: Viola sororia. Panicle hydrangea: Hydrangea paniculata. White clover: Trifolium repens.,
garden-gate:170:p058:text:07,170,58,text,Which Garden Trends Suit You?: Flowery Maximalism Caption,Chloe Deike,"Which Garden Trends Suit You? Flowery Maximalism caption. An abundant variety of plants makes a colorful and spirited scene with endless interest and numerous benefits — for yourself, your dinner table and for the wildlife.",
garden-gate:170:p058:image:01,170,58,image,Which Garden Trends Suit You?: Flowery Maximalism,Chloe Deike,"Cottage-style flowery maximalism garden with dense layered plantings, blooming shrubs, a white fence, a birdhouse, and a narrow path through abundant perennials.",
garden-gate:170:p059:text:01,170,59,text,Which Garden Trends Suit You?: Bee Lawn,Chloe Deike,"Which Garden Trends Suit You? Next Trend to Tackle: Bee Lawn. Replace your traditional turf lawn with a variety of low-growing perennials that pollinators love, such as white clover and common violet. This lawn swap will have more texture and color and literally buzz with life. Start the transition by tossing seed overtop of your existing lawn, preferably in fall, and the following season you’ll start to see an increase in your bee activity. Find seed and growing information online at Twin City Seed Co. (twincityseed.com).",
garden-gate:170:p059:text:02,170,59,text,Plant Profile: Lakota™ Fire Coneflower,Chloe Deike,"Echinacea Lakota™ Fire. Here’s an example of a plant that does it all: continuous hot magenta-red summer blooms turn to bold, brown seedheads that birds love to feast on through winter. Lakota™ Fire grows 12 to 16 inches tall and 16 to 18 inches wide in full sun in USDA zones 4 to 8.",
garden-gate:170:p059:text:03,170,59,text,Plant Profile: 'Chicago Hardy' Fig,Chloe Deike,"Ficus carica ‘Chicago Hardy’. Nothing seems as decadent and delectable as plucking a plump, ripe fig from the branch to bring inside for an appetizer. ‘Chicago Hardy’ is hardy in USDA zones 6 to 10, though it can be grown in zone 5 with protection. Its mature size is 10 to 15 feet tall and 9 to 12 feet wide.",
garden-gate:170:p059:text:04,170,59,text,Plant Profile: 'Sunset' Runner Bean,Chloe Deike,"Phaseolus coccineus ‘Sunset’. The profuse, soft pink blooms of ‘Sunset’ are more subtle than the usual bright scarlet runner bean. Plant in full sun in spring when the soil is warmed. You’ll need a trellis or arbor to support the 6- to 7-foot-long vine. The beans can be prepared fresh or used dried.",
garden-gate:170:p059:image:01,170,59,image,Which Garden Trends Suit You?: Bee Lawn,Chloe Deike,"Photo of a bee visiting white clover in a low-growing bee lawn, illustrating turf replacement with pollinator-friendly perennials.",
garden-gate:170:p059:image:02,170,59,image,Plant Profile: Lakota™ Fire Coneflower,Chloe Deike,Plant portrait of Lakota™ Fire coneflower with hot magenta-red daisy-like blooms and brown cones.,
garden-gate:170:p059:image:03,170,59,image,Plant Profile: 'Chicago Hardy' Fig,Chloe Deike,Plant portrait of ‘Chicago Hardy’ fig fruit ripening on a branch.,
garden-gate:170:p059:image:04,170,59,image,Plant Profile: 'Sunset' Runner Bean,Chloe Deike,Plant portrait of ‘Sunset’ runner bean with soft pink flowers and green bean pods.,
garden-gate:170:p060:text:01,170,60,text,Which Garden Trends Suit You?: Mindful Oasis,Chloe Deike,"Which Garden Trends Suit You? Mindful Oasis. Nothing, not even the plants, are as important to this garden style as creating the right vibe. This type of garden is all about the experience, and its primary purpose is to provide a place of respite for all who visit. Step into this garden and you’ll feel like you’ve arrived at your own personal oasis.",
garden-gate:170:p060:text:02,170,60,text,Which Garden Trends Suit You?: Mindful Oasis Design,Chloe Deike,"Which Garden Trends Suit You? Mindful Oasis design. The surest way to secure a comfortable, easy feeling in this garden is to design it so that maintenance needs are kept to a minimum. Hardscaping dominates the space and provides wide walkways and ample places to entertain or sit and relax. Plus it limits your growing space, forcing you to be particular about choosing a limited plant palette. Create plant groupings throughout the garden to create repetition.",
garden-gate:170:p060:text:03,170,60,text,Which Garden Trends Suit You?: Mindful Oasis Native Plants,Chloe Deike,"Which Garden Trends Suit You? Mindful Oasis native plants. It’s easy to customize a garden like this to fit your region. Choose native plants whenever possible — they are well-adapted to your climate and weather, making them resilient and reliable without much fuss or extra care from you.",
garden-gate:170:p060:text:04,170,60,text,Which Garden Trends Suit You?: Mindful Oasis Trends,Chloe Deike,"Which Garden Trends Suit You? Mindful Oasis - The trends you’ve aced: Outdoor living room; limited lawn space or lawn replacement; native plants; colorful foliage, minimal flowers.",
garden-gate:170:p060:text:05,170,60,text,Which Garden Trends Suit You?: Mindful Oasis Botanical Names,Chloe Deike,Which Garden Trends Suit You? Mindful Oasis - Botanical Names. Foxtail lily: Eremurus robustus. Japanese anemone: Anemone hupehensis. Red banana: Musa acuminata. Sago palm: Cycas revoluta.,
garden-gate:170:p060:text:06,170,60,text,Which Garden Trends Suit You?: Mindful Oasis Caption,Chloe Deike,"Which Garden Trends Suit You? Mindful Oasis caption. Plants are the accessories in this garden. Strong, straight lines and lots of stone and gravel make this scene easy to digest and immediately offer a sense of peace.",
garden-gate:170:p060:image:01,170,60,image,Which Garden Trends Suit You?: Mindful Oasis,Chloe Deike,"Modern mindful oasis garden with a restrained lawn, geometric stone pavers, gravel seating area, outdoor chairs, metal planters, lighting, colorful foliage, and minimal flowers.",
garden-gate:170:p061:text:01,170,61,text,Which Garden Trends Suit You?: Plants That Move,Chloe Deike,"Which Garden Trends Suit You? Next Trend to Tackle: Plants That Move. Set the tone of your garden with plants that add movement — ones that sway with a gentle wind, nod happily along or offer a soft rustling melody as they move. Any ornamental grass will do the trick, foxtail lily’s long tapering blooms tip back and forth, and Japanese anemone bob midborder. Tall plants are bound to catch a breeze, so choose one big-leafed tropical to pop in a planter, such as a Sago palm or red banana plant. Start with just a few plants with movement to create a subtle effect.",
garden-gate:170:p061:text:02,170,61,text,Plant Profile: 'Brilliance' Autumn Fern,Chloe Deike,Dryopteris erythrosora ‘Brilliance’. A native shade plant is sure to set your mind at ease as you relax outdoors. The new fronds emerge bright orange and fade throughout the summer. It grows 18 to 30 inches tall and wide in part to full shade in USDA zones 4 to 8.,
garden-gate:170:p061:text:03,170,61,text,Plant Profile: 'Emerald Mist' Brunnera,Chloe Deike,"Brunnera macrophylla ‘Emerald Mist’. Silvery patterned leaves offer a nice cool tone to the garden, and bright blue clusters of tiny flowers in spring cheerfully dance above. You can grow this in part to full shade in USDA zones 3 to 8. Expect it to get 12 to 15 inches tall and wide.",
garden-gate:170:p061:text:04,170,61,text,Plant Profile: Prairie Dropseed,Chloe Deike,"Sporobolus heterolepis. Fine leaves of this native perennial grass cascade like silk toward the ground. In late summer, flowers shoot above the droopy foliage, and their feathery purple-tinted blooms wave along with the late-season breeze. It grows in full sun in USDA zones 3 to 8 and will reach 2 to 3 feet tall and wide.",
garden-gate:170:p061:image:01,170,61,image,Which Garden Trends Suit You?: Plants That Move,Chloe Deike,"Garden trend image showing big-leafed tropical plants in containers, used as examples of plants that add movement and bold foliage to a garden.",
garden-gate:170:p061:image:02,170,61,image,Plant Profile: 'Brilliance' Autumn Fern,Chloe Deike,Plant portrait of ‘Brilliance’ autumn fern with orange new fronds fading into green foliage.,
garden-gate:170:p061:image:03,170,61,image,Plant Profile: 'Emerald Mist' Brunnera,Chloe Deike,Plant portrait of ‘Emerald Mist’ brunnera with silver-patterned leaves and clusters of tiny blue spring flowers.,
garden-gate:170:p061:image:04,170,61,image,Plant Profile: Prairie Dropseed,Chloe Deike,Plant portrait of prairie dropseed grass with fine cascading foliage and airy seedheads.,
garden-gate:170:p062:text:01,170,62,text,Which Garden Trends Suit You?: Elegant Drama,Chloe Deike,"Which Garden Trends Suit You? Elegant Drama. Unashamed of its lines of trees, expansive lawn and winding hedges, this garden is one of grand distinction. It can tend toward a historic and formal look with tidy hedges. Beds are well-defined, everything is kept trim and neat, and plants are chosen for their ability to generate contrast and drama, such as using dark foliage and bright white blooms. Plus, this garden style is ripe with historic design concepts that certainly give your garden a sense of importance.",
garden-gate:170:p062:text:02,170,62,text,Which Garden Trends Suit You?: Elegant Drama,Chloe Deike,"Which Garden Trends Suit You? Elegant Drama. Modern versions of this garden meld together several popular garden trends of the past and don’t stick to just one time period. Contained within sharp-edged borders and tucked among the hedges, you’ll discover little collections of colorful plants. Take an up-close peek and you’ll notice patterned foliage and spotted, dotted or striped flowers beloved in Victorian times.",
garden-gate:170:p062:text:03,170,62,text,Which Garden Trends Suit You?: Elegant Drama Care,Chloe Deike,"Which Garden Trends Suit You? Elegant Drama care. You probably prefer a stable, consistent look so you’ll need to be willing to put in the regular effort to maintain a tidy garden (or hire somebody who can).",
garden-gate:170:p062:text:04,170,62,text,Which Garden Trends Suit You?: Elegant Drama Trends,Chloe Deike,Which Garden Trends Suit You? Elegant Drama - The trends for you: Plants with dark foliage and light blooms; variegated foliage and patterned flowers; neatly trimmed evergreen shrubs and trees.,
garden-gate:170:p062:text:05,170,62,text,Which Garden Trends Suit You?: Elegant Drama Caption,Chloe Deike,Which Garden Trends Suit You? Elegant Drama caption. A booming return of historic garden practices reflects a growing desire to use our gardens to create impressive artistic expressions.,
garden-gate:170:p062:image:01,170,62,image,Which Garden Trends Suit You?: Elegant Drama,Chloe Deike,"Formal elegant-drama garden with clipped evergreen hedges, brick pillars, layered green structure, and colorful bedding plants in sharply defined borders.",
garden-gate:170:p063:text:01,170,63,text,Which Garden Trends Suit You?: Add Some Topiary,Chloe Deike,"Which Garden Trends Suit You? Next Trend to Tackle: Add Some Topiary. Don’t be intimidated to try your hand at this timeless garden art form. You’ll need an evergreen shrub or small tree and some pruners. Choose from a spiral or spherical shape to begin, and grow it in a container so that you can rotate the best side forward in case you make some small mistakes. As you hone your craft, you can branch out into more complex shapes. Maybe someday you’ll be growing an evergreen replica of your favorite pet!",
garden-gate:170:p063:text:02,170,63,text,Plant Profile: 'Black Negligee' Bugbane,Chloe Deike,"Actaea simplex ‘Black Negligee’. Deep purple-black foliage anchors this perennial to the landscape. Long, soft white flowers up to 5 feet tall wave in the breeze for an elegant touch. They bloom in fall in USDA zones 4 to 8 and grow 4 to 5 feet tall and 2 to 3 feet wide in part shade.",
garden-gate:170:p063:text:03,170,63,text,Plant Profile: Nitty Gritty™ White Rose,Chloe Deike,"Rosa Nitty Gritty™ White. Bright white, frilly blooms add a touch of romance. Let them scramble in front of a tall hedge. They’ll rebloom from spring to fall in USDA zones 4 to 9 and grow 3 to 4 feet tall and wide in full sun.",
garden-gate:170:p063:text:04,170,63,text,Plant Profile: 'Silver Edge' Siberian Iris,Chloe Deike,Iris sibirica ‘Silver Edge’. This soft blue beauty with a white picotee edge is reminiscent of Victorian times. Leave the seedheads after it blooms in late spring for interest later in the season. It grows 2 to 3 feet tall and wide in full sun to part shade in USDA zones 4 to 9.,
garden-gate:170:p063:image:01,170,63,image,Which Garden Trends Suit You?: Add Some Topiary,Chloe Deike,"Garden trend image showing clipped evergreen topiary forms in containers, used as inspiration for adding formal topiary to a garden.",
garden-gate:170:p063:image:02,170,63,image,Plant Profile: 'Black Negligee' Bugbane,Chloe Deike,Plant portrait of ‘Black Negligee’ bugbane with deep purple-black foliage and tall white flower spikes.,
garden-gate:170:p063:image:03,170,63,image,Plant Profile: Nitty Gritty™ White Rose,Chloe Deike,Plant portrait of Nitty Gritty™ White rose with bright white frilly blooms.,
garden-gate:170:p063:image:04,170,63,image,Plant Profile: 'Silver Edge' Siberian Iris,Chloe Deike,Plant portrait of ‘Silver Edge’ Siberian iris with soft blue flowers and a white picotee edge.,
garden-gate:170:p064:text:01,170,64,text,The Breakdown on Biodegradable Pots,Jennifer Howell,"From the Test Garden: The Breakdown on Biodegradable Pots. To start seeds and get young plants growing, I’ve always defaulted to the traditional plastic pot. But I’ve gotten tired of cleaning and storing an ever-growing pile of nonrecycleable pots. So in the interest of using less plastic, I searched out biodegradable pot options. I wanted to know how they compare: Were they easy to use? Did they inhibit root growth? Did they break down in one growing season?",
garden-gate:170:p064:text:02,170,64,text,The Breakdown on Biodegradable Pots: The Test,Jennifer Howell,"The Breakdown on Biodegradable Pots - The Test. For this admittedly unscientific, anecdotal experiment, I planted Xochi Orange marigolds (Tagetes hybrid) in eight different kinds of biodegradable pots. I started them indoors in the same potting mix under the same lights, and watered and fertilized them at the same time and grew them there for almost 10 weeks — longer than I planned to, but the weather wasn’t cooperating for transplanting. I was surprised to note that my seedlings all grew quite differently indoors, as you can see in the photo at right. But once planted outdoors (pot and all) in a raised bed, the marigolds all evened out within a couple of weeks and I couldn’t tell the difference between them.",
garden-gate:170:p064:text:03,170,64,text,The Breakdown on Biodegradable Pots: End-of-Season Results,Jennifer Howell,"The Breakdown on Biodegradable Pots - End-of-Season Results. At the end of the season after a frost, I dug up the plants. Some roots appeared slightly obstructed by the container materials, growing over the top or through the bottom drainage holes, but all of the plants had grown and thrived. And though in varying states of decomposition, I could still identify each pot by its remains. Most were easily crumbled apart and scattered into the garden, while others will need to spend a season in my compost pile to break down further. Either way, I don’t have to store pots! Check out my findings here. —Jennifer Howell",
garden-gate:170:p064:text:04,170,64,text,The Breakdown on Biodegradable Pots: Material Types,Jennifer Howell,"The Breakdown on Biodegradable Pots - Biodegradable Material. A: Peat or fiber pots, square packs: molded multi-packs made of peat or wood fiber. B: Peat or coir expandable pellets: compressed peat or coir shaped by mesh covering, expands when wet. C: Toilet paper roll: cardboard tube from inside of toilet paper or paper towel roll. D: Peat pot: molded round pots made of peat. E: DIY paper pot: rolled strips of newspaper or paper grocery bag with crimped bottom. F: Fabric pot: nonwoven biodegradable fabric pouch. G: Recycled paper box: paperboard box with matching tray to hold multiple boxes. H: Honeycomb paper flat: lightweight paper planting cells glued together and folded accordion-style pull apart into a full flat-sized grid.",
garden-gate:170:p064:text:05,170,64,text,The Breakdown on Biodegradable Pots: Sources,Jennifer Howell,"The Breakdown on Biodegradable Pots - Sources. Local garden centers (A, B, D). Amazon (F), Amazon.com. Botanical Interests (G), botanicalinterests.com, 800-486-2647. Gardener’s Supply (A, B, H), gardeners.com, 888-833-1412. Johnny’s Selected Seeds (A, D), johnnyseeds.com, 877-564-6697.",
garden-gate:170:p064:image:01,170,64,image,The Breakdown on Biodegradable Pots: Materials,Jennifer Howell,"Comparison photo of eight biodegradable seed-starting containers labeled A through H, including peat or fiber packs, expandable pellets, toilet paper rolls, peat pots, DIY paper pots, fabric pots, recycled paper boxes, and honeycomb paper flats.",
garden-gate:170:p064:image:02,170,64,image,The Breakdown on Biodegradable Pots: Peat and Fiber Pots,Jennifer Howell,Photo comparing marigold seedlings growing in peat and fiber biodegradable pots after indoor seed starting.,
garden-gate:170:p065:text:01,170,65,text,The Breakdown on Biodegradable Pots: Peat or Fiber Pots,Jennifer Howell,"The Breakdown on Biodegradable Pots - A, peat or fiber pots, square packs. Getting started: Easy to fill and plant; pots fit in any standard-sized flat or a variety of trays. Growing and transplanting: Pot got wet and soft but held its shape; easy to separate cells; planted so entire pot was underground so it didn’t wick moisture from root ball. What remained: Mostly intact but decayed. Pros and cons: Easy to find and inexpensive; many sizes available; peat pots broke down faster than fiber.",
garden-gate:170:p065:text:02,170,65,text,The Breakdown on Biodegradable Pots: Peat or Coir Expandable Pellets,Jennifer Howell,"The Breakdown on Biodegradable Pots - B, peat or coir expandable pellets. Getting started: Easy to soak discs in accompanying leak-proof tray; mesh obstructed seed planting; no extra mix to cover seed. Growing and transplanting: Roots grew through the mesh and out the bottom where they tangled together, but teased apart easily to plant. What remained: Mesh still intact around coir or peat core. Pros and cons: Can’t choose your potting mix; leak-proof tray has no drainage and is easy to overwater.",
garden-gate:170:p065:text:03,170,65,text,The Breakdown on Biodegradable Pots: Toilet Paper Roll,Jennifer Howell,"The Breakdown on Biodegradable Pots - C, toilet paper roll. Getting started: Cut and folded bottom to create pot; pots didn’t always sit level; was easy to scoop and fill. Growing and transplanting: Dried out quickly but also prone to getting moldy if watered too much; harder for roots to penetrate than other materials. What remained: Still intact but tore apart easily when damp. Pros and cons: Virtually free; took time to make; cardboard tube would sometimes unwrap at the top.",
garden-gate:170:p065:text:04,170,65,text,The Breakdown on Biodegradable Pots: Peat Pot,Jennifer Howell,"The Breakdown on Biodegradable Pots - D, peat pot. Getting started: Easy to scoop and fill with potting mix and plant; pots fit in variety of flats or trays. Growing and transplanting: Moist peat softened so roots grew through, but if dry, it hardened and could inhibit roots; if the top of the pot wasn’t buried, moisture could wick out. What remained: Peat still visible but deteriorated. Pros and cons: Inexpensive and available in lots of sizes; crumbled easily to work into soil as organic matter.",
garden-gate:170:p065:text:05,170,65,text,The Breakdown on Biodegradable Pots: DIY Paper Pot,Jennifer Howell,"The Breakdown on Biodegradable Pots - E, DIY paper pot. Getting started: Easy to make but slow; had to pour potting mix into the pot — can’t scoop to fill because paper is crushable. Growing and transplanting: Dried out quickly; when wet, paper was mushy and harder to handle. What remained: Crumbled bits barely there. Pros and cons: Nice way to recycle paper; can form pots on a drinking glass or buy a tool at gardeners.com.",
garden-gate:170:p065:text:06,170,65,text,The Breakdown on Biodegradable Pots: Fabric Pot,Jennifer Howell,"The Breakdown on Biodegradable Pots - F, fabric pot. Getting started: Hard to fill because bag was flimsy and wouldn’t stand open when empty; tipped over easily. Growing and transplanting: Roots grew through the bag very easily, which made it hard to remove the bag to plant if you wanted to. What remained: Totally intact after one season. Pros and cons: Very inexpensive; ships flat; can write on bag; needs light to break down or it will take several seasons.",
garden-gate:170:p065:text:07,170,65,text,The Breakdown on Biodegradable Pots: Recycled Paper Box,Jennifer Howell,"The Breakdown on Biodegradable Pots - G, recycled paper box. Getting started: Folded boxes pop open with little effort; durable enough to scoop soil; easy to drop in seed and cover. Growing and transplanting: Boxes got soft but handled and transplanted with no trouble; roots struggle to grow through the cardboard, but perforated bottoms tear off easily to allow growth. What remained: Intact but cardboard was crumbling. Pros and cons: Ships folded flat with minimal packaging waste; can write on the box to label plants.",
garden-gate:170:p065:text:08,170,65,text,The Breakdown on Biodegradable Pots: Honeycomb Paper Flat,Jennifer Howell,"The Breakdown on Biodegradable Pots - H, honeycomb paper flat. Getting started: Required a special-sized perforated flat and tool to hold the accordion paper in place until filled with potting mix; was easy to plant. Growing and transplanting: Easy to move as a unit in the heavy-duty flat, but not as individual cells; paper got damp and tore off easily when transplanting; roots grew out the bottomless cells and tangled. What remained: Partially intact, but deteriorated. Pros and cons: Initial investment of special flat and separating tool is pricey but accordion refills inexpensive and ship flat; hard to plant a partial flat.",
garden-gate:170:p065:image:01,170,65,image,The Breakdown on Biodegradable Pots: Seedling Comparison,Jennifer Howell,"Comparison photo of Xochi Orange marigold seedlings grown in biodegradable containers B through H, showing different growth and root behavior in peat pellet, coir pellet, toilet paper roll, peat pot, DIY paper pot, fabric pot, recycled paper box, and honeycomb paper flat.",
garden-gate:170:p067:text:01,170,67,text,Garden Essentials: Coleus Microblaze™ Matchsticks,,"Garden Essentials - Coleus Microblaze™ Matchsticks. Growing 12 to 18 inches tall and 14 to 16 inches wide, Matchsticks coleus (Plectranthus scutellarioides) is the perfect filler for containers or to edge a border in sun or shade. Lobed leaves are burgundy rimmed with lime-green. No need to deadhead — Matchsticks rarely blooms. Local garden centers.",
garden-gate:170:p067:text:02,170,67,text,Garden Essentials: The Garden Idea Book,,"Garden Essentials - The Garden Idea Book. Tour eight of Garden Gate editors’ favorite gardens for inspiration and practical advice you can use right away. Whether you struggle with deer, would like to move toward a more drought-tolerant landscape, or need advice on roses that can handle humidity, help is here — on these topics and so many more! With a variety of garden styles, sizes and approaches, there’s something here for everyone. Garden Gate Store, gardengatestore.com ($11.99; softcover; 100 pages).",
garden-gate:170:p067:text:03,170,67,text,Gardening for Good: Special Growers,,"Gardening for Good - Special Growers, Maryville, TN. Special Growers is a safe employment environment where local young adults with various disabilities can learn life and job skills after high school. Special education classes meet at the farm to learn about growing plants, with some students returning for summer work programs or employment after graduation. A job here may be a stepping stone to other opportunities or a permanent position where a person can grow with the plants they care for. Tasks are tailored to each person’s abilities.",
garden-gate:170:p067:text:04,170,67,text,Gardening for Good: Special Growers,,"Gardening for Good - Special Growers, Maryville, TN. Year-round, Special Growers raises commercial-grade herbs for area restaurant partners. Once a month when the weather is warm, employees host their popular Summer Garden Dinners with chefs from those restaurants. Also during the summer, cutting gardens are filled with flowers for their expanding Bouquet of the Month delivery service. Special Growers encourages community involvement, providing area schools and colleges with community service for their students, as well as internships.",
garden-gate:170:p067:text:05,170,67,text,Gardening for Good: Special Growers Help,,"Gardening for Good - Special Growers, Maryville, TN. How can you help? Donate online at specialgrowers.com/support-us/donations. For more information, email specialgrowers@gmail.com.",
garden-gate:170:p067:image:01,170,67,image,Garden Essentials: Coleus Microblaze™ Matchsticks,,Plant portrait of Coleus Microblaze™ Matchsticks showing burgundy leaves rimmed with lime-green.,
garden-gate:170:p067:image:02,170,67,image,Garden Essentials: The Garden Idea Book,,"Book cover image for The Garden Idea Book from Garden Gate, promoted as a resource with editor-selected gardens and practical advice.",
garden-gate:170:p067:image:03,170,67,image,Gardening for Good: Special Growers,,"Photo of Special Growers participants in Maryville, TN, holding pots and cut flowers at the farm.",
garden-gate:170:p068:text:01,170,68,text,Q&A: Removing Perennial Sweet Pea Vines,"Thelma Homer, NV","Q&A - Removing perennial sweet pea vines. Q: Help! How do I get rid of perennial sweet pea vines? They’re invasive! —Thelma Homer, NV. A: Perennial, or everlasting, sweet pea (Lathyrus latifolius) spreads by seeds and rhizomes. And it also has a tough taproot. This will be an ongoing challenge to remove and could take several years. First, prevent it from setting seeds, which are poisonous. When the seeds are ripe, the pod ejects them up to 30 feet! And the seeds can remain viable in the soil for up to five years. Keep mowing or cutting sprouts as you see them. Unfortunately, because the plant spreads by both rhizomes and a taproot, you can’t just pull it; you’ll have to dig. Covering the area with plastic and mulch will also help reduce sprouts. But they still may creep out at the edges. Finally, broadleaf and nonselective herbicides are an option. But be vigilant and spray young sprouts as soon as you see them.",
garden-gate:170:p068:text:02,170,68,text,Garden Jargon: Etiolated,,"Garden Jargon - Etiolated. As you uncover the garden in spring, you might find spindly yellow or white foliage like the sedum in the photo below. It is etiolated because it’s been deprived of light. Once exposed to the sun, chlorophyll changes it to green.",
garden-gate:170:p068:text:03,170,68,text,Q&A: Rotting a Tree Stump,"Al Sabers, TN","Q&A - Rotting a tree stump. Q: I have a tree stump in a hard-to-reach spot. How can I get it to rot quickly without grinding? —Al Sabers, TN. A: Pack a stump-rotting product into the wood to help it decompose faster. You have a few options: You can buy a product specifically for this purpose, which usually contains potassium nitrate, at the garden center. Or you can use any high-nitrogen fertilizer. Finally, if pets seem to be attracted to the stump, yeast nutrient used in wine making is a safe alternative. Cut the stump off as close to soil level as possible. If it’s damp, let it dry. Next, drill several holes at least 1/2 inch in diameter and several inches deep. Pack the holes full of rotting product, then soak the ground around the stump and sprinkle the surface to moisten the material in the holes. Next lay a sheet of plastic over the area and weigh down the corners. Finally, spread a layer of organic mulch to shade it and help keep it moist under the plastic. Check the stump occasionally and moisten it if it’s dry to encourage decomposition. In a couple of months, the stump should soften to the point that it’ll crumble into chunks you can easily remove.",
garden-gate:170:p068:image:01,170,68,image,Garden Jargon: Etiolated,,Photo of pale yellow-white etiolated sedum foliage emerging from spring garden debris before chlorophyll turns it green in sunlight.,
garden-gate:170:p068:image:02,170,68,image,Q&A: Rotting a Tree Stump,"Al Sabers, TN","Technique photo showing a drill bit making holes in a tree stump, with a callout explaining that packing more stump-rotting material into the stump helps it rot faster.",
garden-gate:170:p069:text:01,170,69,text,Q&A: Alternate-Blooming Flowering Crabapple,"Margaret Kent, OH","Q&A - Alternate-blooming flowering crabapple. Q: Some years my ‘David’ flowering crabapple blooms better than others. Is there anything I can do to help it bloom better every year? —Margaret Kent, OH. A: Nope, it’s genetic. Several flowering crabapple (Malus hybrids) cultivars, including ‘David,’ ‘Dolgo,’ ‘Eleyi,’ ‘Katherine,’ ‘Van Eseltine’ and sargent flowering crabapples (M. sargentii) are alternate bloomers. You’ll see a lush flower show and lots of fruit one year, but the following year it will have a much lighter bloom.",
garden-gate:170:p069:text:02,170,69,text,Q&A: Spring Cleanup and Beneficial Insects,"Carlie White, NJ","Q&A - Spring cleanup and beneficial insects. Q: I’ve heard that spring garden cleanup can disturb overwintering beneficial insects. When can I safely start? —Carlie White, NJ. A: Dead plants provide winter hiding places for lady beetles, fireflies, ground beetles and other helpful insects. Hollow stems shelter many native bees, and hungry birds peck through the tangle for a meal. To help all of these creatures, it’s best to wait until nighttime temps regularly stay in the 50s, about the time you mow your lawn the first time in spring or when fruit trees bloom in your area. If you start earlier and want to protect the insects, loosely pile the debris in an out-of-the-way spot, and they’ll still be able to emerge. One exception: If your garden had foliage disease or harmful insects, send that debris away in the trash in the fall to minimize the damage in following years.",
garden-gate:170:p069:text:03,170,69,text,Weed Watch: Nimblewill,,"Weed Watch - Nimblewill, Muhlenbergia schreberi. What it looks like: This fine-textured native perennial grass can grow up to 24 inches tall, but in turf areas the wiry stems are kept shorter because of mowing. However, you might not notice it in your lawn until cold weather arrives. Then the sprawling, densely branched mats of warm-season grass turn brown faster than most turfgrasses, as you can see above, and it remains brown until spring. From midsummer into fall, narrow heads, or panicles, rise just above the leaves loaded with tiny flowers that form lots of seeds. Even if the plant is mowed, it will continue to produce seeds.",
garden-gate:170:p069:text:04,170,69,text,Weed Watch: Nimblewill Habitat and Control,,"Weed Watch - Nimblewill, Muhlenbergia schreberi. Where to find it: Nimblewill hides best in lawns, but seeds also sprout in beds, borders and vegetable gardens. Tolerant of shade to full sun, moist to dry conditions, it’s happy almost anywhere. How to get rid of it: You can easily pull or hoe it from beds and borders. In a lawn, rake over a cluster to gather stems before pulling or digging. Be sure you get all of the pieces or it will quickly regrow. Nonselective herbicides will kill it, but they also kill plants it has sprawled into. Selective herbicides, such as mesotrione, are effective in cool-season turfgrasses. Apply it in summer when the weed is actively growing. However, it’s best to contact a lawn professional to be sure it’s safe to use on your turf.",
garden-gate:170:p069:image:01,170,69,image,Q&A: Sargent Flowering Crabapple,"Margaret Kent, OH","Close-up photo of Sargent flowering crabapple with pink buds and white flowers, illustrating alternate-blooming crabapple behavior.",
garden-gate:170:p069:image:02,170,69,image,Weed Watch: Nimblewill,,"Lawn photo showing brown nimblewill patches in turf, illustrating how this warm-season grass turns brown faster than surrounding turfgrass in cold weather.",
garden-gate:170:p070:text:01,170,70,text,Bring Dramatic Spring Color to Shade,Marisa Reyes,"Editor’s Choice - Bring Dramatic Spring Color to Shade. With so many azaleas on the market it can be hard to choose, but you can’t go wrong with tried-and-true ‘Hino-Crimson.’ This award-winning variety packs a punch when it explodes with trusses of scarlet red blooms that completely cover the shrub in early spring. The small glossy-green leaves develop a bronze cast in winter and plants hold onto them until new growth begins again in spring.",
garden-gate:170:p070:text:02,170,70,text,Plant Profile: 'Hino-Crimson' Azalea,Marisa Reyes,"Rhododendron hybrid. Shrub. Blooms: Clusters of single, crimson-red flowers in early to midspring. Light: Part to full shade. Soil: Moist, well-drained. Pests: Occasional rust or powdery mildew. Size: 2 to 4 ft. tall, 3 to 4 ft. wide. Cold hardy: USDA zones 5 to 8. Source: Local garden centers.",
garden-gate:170:p070:text:03,170,70,text,Bring Dramatic Spring Color to Shade: Root Matters,Marisa Reyes,"Bring Dramatic Spring Color to Shade - Root Matters. Grow this azalea in dappled light with protection from the afternoon sun so the foliage won’t burn. Azaleas have shallow roots so when you plant, set the crown at the same depth it was growing in the pot to avoid smothering the roots or causing the plant to rot. A 1- to 2-inch layer of mulch helps retain moisture and keep soil temperatures even. As with many spring-blooming shrubs, a cold snap can jeopardize the blooms, so if you’re expecting temps below 25 degrees F and your ‘Hino-Crimson’ has fat buds or is blooming, toss a sheet or landscape fabric over it to save the flowers.",
garden-gate:170:p070:text:04,170,70,text,Bring Dramatic Spring Color to Shade: Pruning Tips,Marisa Reyes,"Bring Dramatic Spring Color to Shade - Pruning Tips. ‘Hino-Crimson’ doesn’t need much pruning. Remove any dead branches in spring but wait until after it flowers to shape the shrub so you don’t risk cutting off next year’s buds. If powdery mildew or rust have been a problem in the past, remove a few stems from the center to thin the growth and encourage better air circulation. Deadheading isn’t strictly necessary but can help tidy this shrub up after flowers fade. Just pinch spent blooms off with your fingertips.",
garden-gate:170:p070:text:05,170,70,text,Bring Dramatic Spring Color to Shade: Plant Partners,Marisa Reyes,Bring Dramatic Spring Color to Shade - Plant Partners. The vibrant blooms of ‘Hino-Crimson’ are real attention getters. It’s a no-brainer as a specimen but fits in well with other border companions too. Check out “Burst of Spring Color” below if you want to start your growing season off with a bang. —Marisa Reyes,
garden-gate:170:p070:text:06,170,70,text,Bring Dramatic Spring Color to Shade: Burst of Spring Color,Marisa Reyes,"Bring Dramatic Spring Color to Shade - Burst of Spring Color. Early spring brings loads of blooms from ‘Hino-Crimson’ azalea and the dainty white flowers of summer snowflake scattered below. A little later, the tight fiddleheads of interrupted fern push through the soil. As temperatures keep rising and summer arrives, spring flowers are replaced by astilbe’s tall violet-red plumes. Even after the color has faded, the blooms provide interest and structure until frost.",
garden-gate:170:p070:text:07,170,70,text,Plant Profile: Interrupted Fern,Marisa Reyes,Osmunda claytoniana. Perennial with lush green divided fronds. Light: Full to part shade. Size: 2 to 3 ft. tall and wide. Cold hardy: USDA zones 3 to 8.,
garden-gate:170:p070:text:08,170,70,text,Plant Profile: 'Purple Candles' Chinese Astilbe,Marisa Reyes,"Astilbe chinensis ‘Purple Candles’. Perennial with violet-red plumes in summer. Light: Part to full shade. Size: 24 to 48 in. tall, 18 to 24 in. wide. Cold hardy: USDA zones 4 to 9.",
garden-gate:170:p070:text:09,170,70,text,Plant Profile: Summer Snowflake,Marisa Reyes,"Leucojum aestivum. Bulb with white flowers in mid- to late spring. Light: Full sun to part shade. Size: 12 to 24 in. tall, 2 to 4 in. wide. Cold hardy: USDA zones 4 to 8.",
garden-gate:170:p070:image:01,170,70,image,Bring Dramatic Spring Color to Shade: Burst of Spring Color,Carlie Hamilton,"Illustrated shade-garden combination plan showing ‘Hino-Crimson’ azalea, interrupted fern, ‘Purple Candles’ Chinese astilbe, and summer snowflake arranged for spring-to-summer color.",
garden-gate:170:p071:image:01,170,71,image,Plant Profile: 'Hino-Crimson' Azalea,Marisa Reyes,"Full-page photo of ‘Hino-Crimson’ azalea covered in scarlet red blooms in a shaded garden, with an inset close-up of a single flower cluster.",
garden-gate:170:p072:text:01,170,72,text,Woodland Sanctuary,,"Wouldn’t you love to wander down the path of this woodland getaway next spring? Lean down and marvel at the unique shape of the shooting star and fernleaf bleeding heart flowers. Breathe in the sweet scent of the woodland phlox (and watch spring butterflies like swallowtails enjoy them, as well!). Look for fuzzy new leaves emerging from the hydrangea stems. Listen for bird calls and look for nests of fledglings that may enjoy the berries of the European cranberrybush and downy serviceberry come summer.",
garden-gate:170:p072:text:02,170,72,text,Woodland Sanctuary: Design and Care,,"Woodland Sanctuary. Because this natural-looking design doesn’t require much fussing, you’ll be able to take time to enjoy the details instead of attending to them. These plants will do best in part shade. If your yard backs up to a wooded area, this would be perfect at its edge. Or if you are lucky enough to have tall trees with a high canopy, it’ll look right at home, and the plants should thrive. Install a curving mulched path and a few stones here and there to accent the garden. Let clumps of perennials grow together and weave around each other. As the seasons come and go, plants (and winged visitors) will too.",
garden-gate:170:p072:image:01,170,72,image,Woodland Sanctuary,Carlie Hamilton,"Illustrated woodland-edge garden with a curving mulched path, split-rail fence, bench, shrubs, and spring-blooming shade plants for the Woodland Sanctuary plan.",
garden-gate:170:p073:text:01,170,73,text,Woodland Sanctuary: Plant List,,"Woodland Sanctuary plant list. A Woodland phlox, Phlox divaricata ‘Blue Moon’ (34). B Shooting star, Dodecatheon meadia ‘Goliath’ (11). C Brunnera, Brunnera macrophylla ‘Variegata’ (12). D Fernleaf bleeding heart, Dicentra ‘King of Hearts’ (16). E Mountain hydrangea, Hydrangea serrata Tuff Stuff™ (7). F Hosta, Hosta ‘Queen of the Seas’ (6). G White wood star, Eurybia divaricata (7). H European cranberrybush, Viburnum opulus ‘Compactum’ (1). I Giant meadow rue, Thalictrum rochebruneanum ‘Lavender Mist’ (8). J Downy serviceberry, Amelanchier arborea (1). Scale: 1 square = 1 square foot.",
garden-gate:170:p073:image:01,170,73,image,Woodland Sanctuary: Planting Plan,Carlie Hamilton,"Overhead planting-plan diagram for Woodland Sanctuary, with lettered plant masses arranged around a curving path, split-rail fence, and bench at a scale of 1 square foot per grid square.",
garden-gate:170:p074:text:01,170,74,text,Woodland Sanctuary: Meet the Plants,,"Woodland Sanctuary - Meet the Plants. This mix of plants will feed birds and butterflies from spring through fall. And the casual arrangement of plants requires only a few cleanup tasks throughout the year. Start by cutting back and raking up perennial stems and fallen leaves in early spring. Be sure to get this out of the way before early-to-emerge brunnera flowers start. Later, you may decide to cut back the woodland phlox stems as they fade (a string trimmer may be the easiest way to do this as the clump grows) and the brunnera blooms to allow the foliage to take center stage. As summer turns to fall, cut back the hosta bloom stalks for a tidier look. Only prune the shrubs if there’s a broken or dead branch—no need to prune for shape or size.",
garden-gate:170:p074:text:02,170,74,text,Plant Profile: Woodland Phlox,,"Phlox divaricata ‘Blue Moon’. Perennial; blue-purple flowers attract butterflies in spring; part shade; 12 to 18 in. tall, 8 to 12 in. wide; cold zones 3 to 9.",
garden-gate:170:p074:text:03,170,74,text,Plant Profile: Shooting Star,,"Dodecatheon meadia ‘Goliath’. Perennial; pink-purple flowers in mid- to late spring, ephemeral foliage; full sun to part shade; 18 to 24 in. tall and wide; cold zones 4 to 7.",
garden-gate:170:p074:text:04,170,74,text,Plant Profile: Hosta 'Queen of the Seas',,"Hosta ‘Queen of the Seas’. Perennial; white midsummer blooms feed hummingbirds, blue, piecrust-edged leaves; part to full shade; 2 to 3 ft. tall, 3 to 4 ft. wide; cold zones 3 to 9.",
garden-gate:170:p074:text:05,170,74,text,Plant Profile: White Wood Aster,,"Eurybia divaricata ‘Eastern Star’. Perennial; white late summer to early fall flowers feed butterflies; part to full shade; 12 to 30 in. tall, 18 to 30 in. wide; cold zones 3 to 8.",
garden-gate:170:p074:text:06,170,74,text,Plant Profile: European Cranberrybush,,"Viburnum opulus ‘Compactum’. Shrub; white flowers in spring, red berries in summer, red fall foliage; full sun to part shade; 4 to 5 ft. tall, 5 to 6 ft. wide; cold zones 3 to 8.",
garden-gate:170:p074:image:01,170,74,image,Plant Profile: Woodland Phlox,,"Plant portrait of woodland phlox, Phlox divaricata ‘Blue Moon’, showing blue-purple spring flowers for the Woodland Sanctuary plan.",
garden-gate:170:p074:image:02,170,74,image,Plant Profile: Shooting Star,,"Plant portrait of shooting star, Dodecatheon meadia ‘Goliath’, showing nodding pink-purple flowers with reflexed petals.",
garden-gate:170:p074:image:03,170,74,image,Plant Profile: Hosta 'Queen of the Seas',,Plant portrait of hosta ‘Queen of the Seas’ showing blue piecrust-edged leaves used as broad foliage texture in shade.,
garden-gate:170:p074:image:04,170,74,image,Plant Profile: White Wood Aster,,"Plant portrait of white wood aster, Eurybia divaricata ‘Eastern Star’, with small white flowers for late-summer to early-fall shade color.",
garden-gate:170:p074:image:05,170,74,image,Plant Profile: European Cranberrybush,,"Plant portrait of European cranberrybush, Viburnum opulus ‘Compactum’, showing clusters of red berries that feed birds in summer.",
garden-gate:170:p075:text:01,170,75,text,Plant Profile: Brunnera 'Variegata',,"Brunnera macrophylla ‘Variegata’. Perennial; blue flowers in spring, cream-and-green variegated foliage; part to full shade; 12 to 18 in. tall, 12 to 24 in. wide; cold zones 3 to 8.",
garden-gate:170:p075:text:02,170,75,text,Plant Profile: Fernleaf Bleeding Heart,,Dicentra ‘King of Hearts’. Perennial; rose-pink blooms start in late spring and continue sporadically till frost; full sun to full shade; 9 to 18 in. tall and wide; cold zones 3 to 8.,
garden-gate:170:p075:text:03,170,75,text,Plant Profile: Mountain Hydrangea Tuff Stuff™,,"Hydrangea serrata Tuff Stuff™. Shrub; pink or blue flowers rebloom summer to fall, burgundy foliage; full sun to part shade; 2 to 3 ft. tall and wide; cold zones 5 to 9.",
garden-gate:170:p075:text:04,170,75,text,Plant Profile: Giant Meadow Rue,,"Thalictrum rochebruneanum ‘Lavender Mist’. Perennial; airy purple flowers in mid- to late summer attract butterflies; full sun to part shade; 5 to 6 ft. tall, 2 to 3 ft. wide; cold zones 3 to 8.",
garden-gate:170:p075:text:05,170,75,text,Plant Profile: Downy Serviceberry,,"Amelanchier arborea. Tree; white spring flowers bring in butterflies, purple berries feed birds in summer; full sun to part shade; 15 to 25 ft. tall, 20 to 30 ft. wide; cold zones 4 to 9.",
garden-gate:170:p075:image:01,170,75,image,Plant Profile: Brunnera 'Variegata',,Plant portrait of Brunnera macrophylla ‘Variegata’ showing blue spring flowers and cream-and-green variegated leaves.,
garden-gate:170:p075:image:02,170,75,image,Plant Profile: Fernleaf Bleeding Heart,,Plant portrait of Dicentra ‘King of Hearts’ with rose-pink fernleaf bleeding heart blooms above finely divided foliage.,
garden-gate:170:p075:image:03,170,75,image,Plant Profile: Mountain Hydrangea Tuff Stuff™,,Plant portrait of Hydrangea serrata Tuff Stuff™ showing reblooming mountain hydrangea flowers for the Woodland Sanctuary plan.,
garden-gate:170:p075:image:04,170,75,image,Plant Profile: Giant Meadow Rue,,Plant portrait of giant meadow rue ‘Lavender Mist’ showing airy purple midsummer-to-late-summer flowers.,
garden-gate:170:p075:image:05,170,75,image,Plant Profile: Downy Serviceberry,,"Plant portrait of downy serviceberry, Amelanchier arborea, showing white spring flowers on a small tree that later feeds birds with purple berries.",
garden-gate:170:p076:text:01,170,76,text,A Garden for Every Season,,"No matter when you look out your window, this garden will have something to catch your eye. In winter, it’ll be the interesting branch structure of the Japanese maple, the evergreen foliage of the Hicks yew and even the flowers of the common snowdrops. Spring will bring azalea and hellebore blooms along with emerging hosta and sedge foliage. Summer offers up dramatic foliage contrasts and flowers of panicle hydrangeas, hostas and tuberous begonias. As the garden season winds down in autumn, this bed’s Japanese maple, hosta and sedge will light it up in shades of orange-red and yellow. Even gardens in part shade can have plenty of color, no matter what the season! Hardscaping elements like crisp edging, gently curving paths and welcoming arbors help, too.",
garden-gate:170:p076:text:02,170,76,text,A Garden for Every Season: Snowdrop Callout,,"A Garden for Every Season - Snowdrop callout. Plant handfuls of common snowdrop bulbs in spots that may be bare by late winter. Over time, they’ll spread into beautiful sweeps.",
garden-gate:170:p076:image:01,170,76,image,A Garden for Every Season,Carlie Hamilton,"Illustrated part-shade garden design for year-round interest, with paths, edging, arbors, containers, Japanese maple, yew, snowdrops, hellebores, hostas, sedges, hydrangeas, and tuberous begonias.",
garden-gate:170:p077:text:01,170,77,text,A Garden for Every Season: Plant List,,"A Garden for Every Season plant list. A Azalea, Rhododendron Northern Hi-Lights (3). B Full moon maple, Acer shirasawanum ‘Autumn Moon’ (1). C Hellebore, Helleborus Honeymoon® Sandy Shores (14). D Tuberous begonia, Begonia Golden Balcony (2 containers). E Ostrich fern, Matteuccia struthiopteris (6). F Hosta, Hosta ‘Blue Angel’ (3). G Panicle hydrangea, Hydrangea paniculata White Diamonds® (2). H Sedge, Carex siderosticha ‘Banana Boat’ (17). I Hicks yew, Taxus x media ‘Hicksii’ (1). J Common snowdrop, Galanthus nivalis (100-300).",
garden-gate:170:p077:text:02,170,77,text,A Garden for Every Season: Yew and Hydrangea Callouts,,"A Garden for Every Season - Yew and hydrangea callouts. Hicks yew has a naturally upright habit. But if you need to prune it to maintain a smaller size or shape, prune in late winter or early spring. Panicle hydrangea blooms start white in summer and turn dusty pink by fall.",
garden-gate:170:p077:image:01,170,77,image,A Garden for Every Season: Planting Plan,Carlie Hamilton,"Planting-plan diagram for A Garden for Every Season, with lettered plant groups around a path, arbors, and containers, plus callouts for Hicks yew and panicle hydrangea.",
garden-gate:170:p078:text:01,170,78,text,A Garden for Every Season: Meet the Plants,,"A Garden for Every Season - Meet the Plants. Not only does this garden look great in every season, but the plants don’t need much help from you to perform their best. Spend an afternoon in early spring pruning off dead hosta, fern, sedge and hellebore foliage, cutting back any winter-damaged hydrangea stems and raking up fallen leaves to tidy the garden. When the weather’s reliably above 50 degrees F, bring out your pots of tuberous begonias.",
garden-gate:170:p078:text:02,170,78,text,A Garden for Every Season: Watering,,"A Garden for Every Season - Watering. Especially in the first year or two, be sure the bed has an inch of water or so each week to help plants get established. After that, water only when they begin to suffer—sedge leaves may begin to turn brown or hellebore foliage may flop. Don’t rely on the hydrangea to tell you when the garden needs water. Its leaves may droop in the heat even with plenty of soil moisture.",
garden-gate:170:p078:text:03,170,78,text,A Garden for Every Season: Deer Protection,,"A Garden for Every Season - Deer protection. If deer are a problem in your garden, you may need to spray the yew, hydrangea, azalea and hosta with a repellent, as deer seem to find these plants especially attractive. As you can see, it’s not much work for a year’s worth of enjoyment!",
garden-gate:170:p078:text:04,170,78,text,Plant Profile: Northern Hi-Lights Azalea,,Rhododendron Northern Hi-Lights. Shrub; white and yellow blooms in late spring; part sun to full shade; 4 to 6 ft. tall and wide; cold zones 4 to 9.,
garden-gate:170:p078:text:05,170,78,text,Plant Profile: Ostrich Fern,,"Matteuccia struthiopteris. Perennial; feathery green foliage turns bronze-gold in fall and brown in winter; part to full shade; 3 to 6 ft. tall, 2 to 3 ft. wide; cold zones 3 to 7.",
garden-gate:170:p078:text:06,170,78,text,Plant Profile: Hosta 'Blue Angel',,"Hosta ‘Blue Angel’. Perennial; white-lavender flowers in summer, large blue leaves turn gold in fall; part to full shade; 2 to 3 ft. tall, 3 to 4 ft. wide; cold zones 3 to 8.",
garden-gate:170:p078:text:07,170,78,text,Plant Profile: Panicle Hydrangea White Diamonds®,,Hydrangea paniculata White Diamonds®. Shrub; white summer flowers fade to pink in fall; full sun to part shade; 4 to 6 ft. tall and wide; cold zones 3 to 8.,
garden-gate:170:p078:image:01,170,78,image,Plant Profile: Northern Hi-Lights Azalea,,Plant portrait of Rhododendron Northern Hi-Lights azalea showing white and yellow late-spring blooms for part shade.,
garden-gate:170:p078:image:02,170,78,image,Plant Profile: Ostrich Fern,,"Plant portrait of ostrich fern, Matteuccia struthiopteris, showing feathery green fronds used for shade-garden texture.",
garden-gate:170:p078:image:03,170,78,image,Plant Profile: Hosta 'Blue Angel',,Plant portrait of hosta ‘Blue Angel’ with large blue leaves that turn gold in fall.,
garden-gate:170:p078:image:04,170,78,image,Plant Profile: Panicle Hydrangea White Diamonds®,,Plant portrait of Hydrangea paniculata White Diamonds® showing white panicle hydrangea flowers that fade to pink in fall.,
garden-gate:170:p079:text:01,170,79,text,Plant Profile: Full Moon Maple 'Autumn Moon',,"Acer shirasawanum ‘Autumn Moon’. Tree; orange-bronze to yellow-green foliage, insignificant flowers; full sun to part shade; 8 to 15 ft. tall, 6 to 15 ft. wide; cold zones 5 to 8.",
garden-gate:170:p079:text:02,170,79,text,Plant Profile: Hellebore Honeymoon® Sandy Shores,,"Helleborus Honeymoon® Sandy Shores. Perennial; apricot-pink flowers in early to midspring, evergreen foliage; part to full shade; 18 to 24 in. tall and wide; cold zones 4 to 9.",
garden-gate:170:p079:text:03,170,79,text,Plant Profile: Tuberous Begonia Golden Balcony,,"Begonia Golden Balcony. Tender tuber; shades of orange, peach and yellow flowers spring to frost; part sun to part shade; 12 to 15 in. tall and wide; cold zones 9 to 11.",
garden-gate:170:p079:text:04,170,79,text,Plant Profile: Sedge 'Banana Boat',,"Carex siderosticha ‘Banana Boat’. Perennial; yellow leaves have green margins, insignificant brown bloom spikes in spring; part to full shade; 6 to 12 in. tall, 12 to 15 in. wide; cold zones 5 to 9.",
garden-gate:170:p079:text:05,170,79,text,Plant Profile: Hicks Yew,,"Taxus x media ‘Hicksii’. Shrub; evergreen foliage is easily pruned for shape or size; full sun to part shade; 10 to 12 ft. tall, 3 to 4 ft. wide; cold zones 4 to 7.",
garden-gate:170:p079:text:06,170,79,text,Plant Profile: Common Snowdrop,,"Galanthus nivalis. Bulb; nodding white flowers in late winter; full sun to part shade; 4 to 6 in. tall, 2 to 3 in. wide; cold zones 3 to 9.",
garden-gate:170:p079:image:01,170,79,image,Plant Profile: Full Moon Maple 'Autumn Moon',,Plant portrait of full moon maple ‘Autumn Moon’ showing orange-bronze to yellow-green foliage for year-round garden structure.,
garden-gate:170:p079:image:02,170,79,image,Plant Profile: Hellebore Honeymoon® Sandy Shores,,Plant portrait of Helleborus Honeymoon® Sandy Shores showing apricot-pink early-to-midspring flowers and evergreen foliage.,
garden-gate:170:p079:image:03,170,79,image,Plant Profile: Tuberous Begonia Golden Balcony,,"Plant portrait of Begonia Golden Balcony with orange, peach, and yellow flowers for containers in part sun to part shade.",
garden-gate:170:p079:image:04,170,79,image,Plant Profile: Sedge 'Banana Boat',,Plant portrait of Carex siderosticha ‘Banana Boat’ showing yellow leaves with green margins for shade-garden groundcover texture.,
garden-gate:170:p079:image:05,170,79,image,Plant Profile: Hicks Yew,,"Plant portrait of Hicks yew, Taxus x media ‘Hicksii’, showing upright evergreen foliage that can be pruned for size or shape.",
garden-gate:170:p079:image:06,170,79,image,Plant Profile: Common Snowdrop,,"Plant portrait of common snowdrop, Galanthus nivalis, showing nodding white late-winter flowers.",
garden-gate:170:p082:image:01,170,82,image,Finishing Touches: Spring Flowers by Water,,Finishing Touches photo of white spring-flowering tree branches and bright pink flowering shrubs beside a rippling body of water.,
garden-gate:170:p083:text:01,170,83,text,Marriage & DIY Garden Projects,Jamie Seitz,"In the Weeds - Marriage & DIY Garden Projects. Every marriage needs one person who has a vision of an expansive project with new stone, shrubs, perennials and annuals that will make the front yard really pop. You also need one person who thinks your existing landscaping looks good enough so maybe you should put the project off until next year. Or the year after.",
garden-gate:170:p083:text:02,170,83,text,Marriage & DIY Garden Projects,Jamie Seitz,"In the Weeds - Marriage & DIY Garden Projects. Every marriage needs one person who measures, remeasures, checks, double checks and triple checks that everything is perfectly level throughout an entire project. You also need one person who is an excellent eye-roller and reminds the other that no one else is going to notice or care if it’s perfectly perfect.",
garden-gate:170:p083:text:03,170,83,text,Marriage & DIY Garden Projects,Jamie Seitz,In the Weeds - Marriage & DIY Garden Projects. Every marriage needs one person who tries for too long to re-attach the wheelbarrow handle that snaps off while it’s carrying a too-heavy load of stone. You also need the person who will drive to the store and just buy a new one already before someone gets impaled trying to use the broken handle.,
garden-gate:170:p083:text:04,170,83,text,Marriage & DIY Garden Projects,Jamie Seitz,In the Weeds - Marriage & DIY Garden Projects. Every marriage needs one person to snap a chalk line to ensure everything is on the straight and narrow and another who thinks maybe you could just wing it and save a bit of time.,
garden-gate:170:p083:text:05,170,83,text,Marriage & DIY Garden Projects,Jamie Seitz,"In the Weeds - Marriage & DIY Garden Projects. Every marriage needs one strong person to dig up the sod, move the soil and carry the stone and another to get on their hands and knees and plant the flowers.",
garden-gate:170:p083:text:06,170,83,text,Marriage & DIY Garden Projects,Jamie Seitz,In the Weeds - Marriage & DIY Garden Projects. Every marriage needs one person who will work late into the night by headlamp to get just one more stone laid. You also need one who wants to go to bed and will finish in the morning.,
garden-gate:170:p083:text:07,170,83,text,Marriage & DIY Garden Projects,Jamie Seitz,In the Weeds - Marriage & DIY Garden Projects. Every marriage needs someone who worries the finished product might not look as good as they hoped and wants to bring in a second opinion. You also need a person who feels confident in their mediocre gardening abilities and proclaims it better than they had imagined.,
garden-gate:170:p083:text:08,170,83,text,Marriage & DIY Garden Projects,Jamie Seitz,"In the Weeds - Marriage & DIY Garden Projects. Every project needs at least two people with the same end goal but wildly different ideas about how to actually accomplish it, just to keep it exciting. I mean, how much fun would it be if the project didn’t take 10 days longer than expected with several unexpected twists and turns along the way and the threat of a hard frost or snow?",
garden-gate:170:p083:text:09,170,83,text,Marriage & DIY Garden Projects,Jamie Seitz,"In the Weeds - Marriage & DIY Garden Projects. Last fall, my husband and I finally finished a project we’d put off all summer (and the summer before that, if we’re being honest). We expanded our flower beds, replaced a brick border with new stone, planted lots of new perennials just days before the first frost, and stayed married!",
garden-gate:170:p083:image:01,170,83,image,Marriage & DIY Garden Projects,Danielle Lowery,"Illustration for In the Weeds showing a wheelbarrow with stones, potted flowers, hand tools, a shovel, and a bagged seedling for a DIY garden project.",
garden-gate:171:p001:image:01,171,1,image,Cover image,,Cover photograph for the issue showing the blue hydrangea featured on the masthead cover.,
garden-gate:171:p003:text:01,171,3,text,from the editor,,"Sometimes when people show me or tell me about their gardens, they’re apologetic, as if they think I might judge its appearance. Believe me... I won’t. I definitely have no room to judge anyone else’s garden.",
garden-gate:171:p003:text:02,171,3,text,from the editor,,"For starters, my astilbes have looked rough for years. I’ve always known that they weren’t getting enough moisture. Our story on page 40 has inspired me to move these perennials to a spot where they can reach their full potential. And it also has me thinking that I may need a few more of these long-blooming beauties. I want a gorgeous sweep of them like Nima Marsh’s above!",
garden-gate:171:p003:text:03,171,3,text,from the editor,,And sometimes the containers that I picture as I’m wandering the aisle of the garden center just don’t meet expectations later on. That’s why I love all of the ideas that our readers shared in the 2023 Container Challenge on page 54. So many terrific color and texture combos and care tips... and we know they work!,
garden-gate:171:p003:text:04,171,3,text,from the editor,,"This year, when someone walks by and complements the garden, I’ll just try to say “thank you” instead of immediately noticing, and maybe even pointing out, the burnt-up astilbes that I should have moved years ago, the mulch that the chickens kicked onto the sidewalk or the witchhazel that’s dying branch by branch. If I happen to visit your garden (and I hope I will!), know that I’m definitely not looking at all the little things that drive you crazy. I’m appreciating your beautiful entry containers, your impressive crop of jalapeños and the color on your Japanese maple leaves. I hope you are too.",
garden-gate:171:p003:image:01,171,3,image,from the editor,,"Photo of lush white astilbes growing beside a stone path, captioned “Wish my astilbes looked like this!” and tied to the editor’s note about moisture-loving astilbes.",
garden-gate:171:p003:image:02,171,3,image,from the editor,,Portrait photo of executive editor Kristin Beane Sullivan used with the From the Editor column.,
garden-gate:171:p004:image:01,171,4,image,Contents: Asiatic Lilies,,"Contents-page feature photo showing orange Asiatic lilies in bloom with green foliage, used for the Asiatic Lilies feature teaser.",
garden-gate:171:p004:image:02,171,4,image,Contents: Astilbe,,"Contents-page feature photo showing pink astilbe plumes with bright yellow-green foliage in a layered shade planting, used for the Astilbe feature teaser.",
garden-gate:171:p004:image:03,171,4,image,Contents: Asiatic Lilies,,Small botanical-style illustration of an orange Asiatic lily used with the Asiatic Lilies contents teaser.,
garden-gate:171:p004:image:04,171,4,image,Contents: 2023 Garden Gate Container Challenge,,Badge-style Garden Gate container graphic used with the 2023 Garden Gate Container Challenge contents teaser.,
garden-gate:171:p005:image:01,171,5,image,Contents: Garden Gate’s Top Picks,,Contents-page photo of blue bell-shaped clematis flowers and green foliage used with the Garden Gate’s Top Picks department teaser.,
garden-gate:171:p005:image:02,171,5,image,Contents: Design Challenge,,"Illustrated side-yard garden design plan with a stone path, containers, fencing and colorful full-sun plantings, used for the Design Challenge contents teaser.",
garden-gate:171:p005:image:03,171,5,image,Contents: On the Cover,,Contents-page hydrangea photo showing a blue ‘Nikko Blue’ bigleaf hydrangea flower cluster used for the On the Cover note.,
garden-gate:171:p006:image:01,171,6,image,Garden Gate Online,,"Garden Gate online promo image for U.S. Botanic Gardens to Visit, used in the web extras section.",
garden-gate:171:p006:image:02,171,6,image,Garden Gate Online,,"Large hummingbird photo on the online promo page, showing a hummingbird at blue flowers.",
garden-gate:171:p007:image:01,171,7,image,2024 Reader Garden Award,,"Garden Gate call-for-entries promo image for the 2024 Reader Garden Award, with lush reader-garden photos and a green award badge.",
garden-gate:171:p008:text:01,171,8,text,A fishy solution,"Jim Fameree, WI","To prevent birds from making nests in unsafe or inconvenient spots, Jim found that he could use two unexpected items: an old tuna can and a golf ball. In some spots, such as the one where a gutter or light attaches to siding, he just balances a can where the birds will knock it off if they try to land. It makes a clanging noise that scares them away. If they’re trying to build nests on the flat tops of his lights, he secures the can to the top. Then he places a golf ball inside. The ball rolls around when birds try to land and nest, startling them and sending them off to a different location.",
garden-gate:171:p008:text:02,171,8,text,Planter swapping system,"Richard Sunberg, OH","It’s more economical to change your containers from season to season when you are growing some of the plants from seed. Richard has a simple rotating system in place to keep his front yard container display stunning: At the same time he plants up the spring containers in the front yard, he plants seeds and seedlings in a few pots in the backyard too. By the time the containers out front are fading, the seed-grown plants in the back have come into their own. Richard swaps the faded planters for fresh ones that keep his front entrance looking its best. Then in the backyard he refreshes the faded pots, pulling out some spent plants, replenishing potting mix and reseeding the empty spaces with cool-season plants that will be ready to show off by the time fall comes and he’s ready to swap the containers again.",
garden-gate:171:p008:text:03,171,8,text,Slug and snail deterrent,"Constance Larson, ID","Constance has a problem with slugs and snails eating her hostas, so she applies ground eggshells to the areas around her hostas to deter the pests. To make the process easier, she realized she could reuse a grated parmesan cheese shaker — the durable plastic kind that dispenses from holes in the lid. Just wash the container out and let it fully dry before filling with clean, dry, ground eggshells.",
garden-gate:171:p008:image:01,171,8,image,Reader Tips,,Inset image showing the tuna can and golf ball bird-deterrent trick described in the first reader tip.,
garden-gate:171:p008:image:02,171,8,image,Reader Tips,,Photo illustration of the grated parmesan shaker used for the ground-eggshell slug deterrent tip.,
garden-gate:171:p009:text:01,171,9,text,A neighborly growing space,"Kent Young, IA","If you are lacking space for a vegetable garden, you might want to team up. Kent and his neighbor both wanted a vegetable garden and decided that the flattest and sunniest location was where their side yards met. Together they built the raised bed in three stair-stepping sections to follow the slope of the yard, each with their own trellises. Then they each chose one section to plant and tend themselves, leaving the middle section for shared crops. Pole beans and cucumbers grow on the trellises that also help support tomatoes and peppers. Plus there’s always room to tuck in a few flowers. This has worked so well that they often have a big harvest they can share with friends and family.",
garden-gate:171:p009:text:02,171,9,text,Box tree moth,,"Another boxwood (Buxus spp. and hybrids) pest has entered the United States. It’s been spotted in New York, Connecticut, Massachusetts, Michigan, Ohio and South Carolina. The adults have a 1 1/2-inch wingspan and the larvae hide in silky webs between boxwood leaves, euonymus or holly. They eat the leaves and can girdle and kill the shrub. If you suspect a box tree moth in your garden, try to catch one and keep it in a plastic bag, then call your local extension office. You can hand pick caterpillars and dispose of them in soapy water, or spray the plants with insecticidal soap, Bt, Spinosad or, with caution, broad spectrum caterpillar pesticides.",
garden-gate:171:p009:text:03,171,9,text,Rusty fire pit planter,"Anna Ellenberger, PA","Instead of tossing out your old metal fire pit, line it with landscape fabric or coir lining and plant it up! Anna’s old fire pit had a few holes caused by rust that could provide drainage. But if yours doesn’t, just carefully drill a few new ones. If the exterior is looking a little rusty, a couple layers of spray paint can give it a fresh new look.",
garden-gate:171:p009:image:01,171,9,image,Reader Tips,,"Photo of the old metal fire pit repurposed as a planter, from the reader tip about planting up rusty containers.",
garden-gate:171:p009:image:02,171,9,image,Reader Tips,,Photo of the shared side-yard vegetable garden with trellises and raised beds from the neighborly growing space tip.,
garden-gate:171:p010:image:01,171,10,image,Spring into Summer with Easy-Care Combos,,"Full-page opener photo of a spring-to-summer border with seven-son flower foliage, pink salvia, blue catmint, lady’s mantle and dianthus labeled A through E.",
garden-gate:171:p011:text:01,171,11,text,Spring into Summer with Easy-Care Combos,Jennifer Howell,"There’s a time between the cool-season spring bulbs and heat-loving summer annuals when many perennials explode into bloom. It’s a joy to be in the garden: the temperature is warm but not hot, there’s been enough rain but it’s not muddy, and you’re still ahead of the weeds. The three plantings here hit their peak at that sweet spot between spring and summer.",
garden-gate:171:p011:text:02,171,11,text,Spring into Summer with Easy-Care Combos,Jennifer Howell,"Want to keep these beauties looking great through the summer? Spread a 2- to 3-inch layer of mulch, such as shredded bark, wood chips, straw or even compost, around the plants before they get too big. This will help them stay hydrated and smother weed seedlings that would become competition in the garden. You’ll thank yourself later when you have fewer weeds to deal with and you won’t have to water as much. And don’t forget to deadhead to keep the plants looking tidy, extend their flowering time and encourage another flush of blooms.",
garden-gate:171:p011:text:03,171,11,text,Calming Pastel Palette,,"Groupings of low, mounded foliage topped by petite pastel flowers give this border a calming flow. Even without a glamorous, attention-getting plant as a focal point, your eye is drawn to the restful scene. And each of these perennials is a dependable, easy-care bloomer. Give them full sun and regular watering and they won’t let you down.",
garden-gate:171:p011:text:04,171,11,text,Calming Pastel Palette,,"Though this combo peaks in late spring to early summer, don’t think its show is one and done. Deadheading is the key to keeping it fresh and colorful. Cut lady’s mantle flower stems off at the base once they begin to turn brown to keep it tidy. Use scissors or a cordless hand-held hedge trimmer to shear spent blooms from catmint and dianthus after the first flush fades to coax a second, lighter bloom. Snip faded salvia spikes off just above a set of leaves to encourage secondary blooms to take off. Then, in midsummer if the plant is flopping or looking leggy, cut spent stems back to a few inches from the ground, where a mound of new growth will fill in and rebloom in late summer to fall alongside the pollinator-friendly seven-son flower.",
garden-gate:171:p011:text:05,171,11,text,Calming Pastel Palette: Seven-son flower,,"Seven-son flower, Heptacodium miconioides Temple of Bloom Tree, has white midsummer flowers with bracts that age to red in fall after petals drop. It grows in full sun to part shade, reaches 6 to 10 feet tall and wide, and is cold hardy in USDA zones 5 to 9.",
garden-gate:171:p011:text:06,171,11,text,Calming Pastel Palette: Salvia,,Salvia ‘Back to the Fuchsia’ is a perennial with pink flower spikes that rise up from mounded foliage from late spring to early fall. It grows 22 to 24 inches tall and wide and is cold hardy in USDA zones 3 to 8.,
garden-gate:171:p011:text:07,171,11,text,Calming Pastel Palette: Catmint,,"Catmint, Nepeta ‘Cat’s Pajamas’, is a perennial with mounded gray-green foliage and lavender-blue flowers from late spring to early summer. It grows in full sun, reaches 12 to 14 inches tall and 18 to 20 inches wide, and is cold hardy in USDA zones 3 to 8.",
garden-gate:171:p011:text:08,171,11,text,Calming Pastel Palette: Lady’s mantle,,"Lady’s mantle, Alchemilla mollis, is a perennial with chartreuse green mounded foliage and foamy yellow flowers in late spring to early summer. It grows in full sun to part shade, reaches 10 to 18 inches tall and 18 to 30 inches wide, and is cold hardy in USDA zones 4 to 8.",
garden-gate:171:p011:text:09,171,11,text,Calming Pastel Palette: Dianthus,,"Dianthus ‘Red Rouge’ is a perennial with compact mounds of foliage topped by fragrant wine-red blooms edged and flecked with pink in early summer and early fall. It grows in full sun to part shade, reaches 6 to 8 inches tall and 14 to 20 inches wide, and is cold hardy in USDA zones 4 to 9.",
garden-gate:171:p011:image:01,171,11,image,Spring into Summer with Easy-Care Combos,,Narrow continuation crop of the spring-to-summer border photo shown beside the Calming Pastel Palette plant list.,
garden-gate:171:p012:text:01,171,12,text,An Easy Trade-Off,,"The vivid contrast of violet-purple giant allium blooms against burgundy barberry foliage is simple, but eye-catching. As giant allium flowers fade, foliage begins to yellow and go dormant. Just tuck it under the plume poppy’s coarse-textured leaves to hide it. Deer and rabbits leave this planting alone, and it requires almost no maintenance. Deadhead spent plume poppy blooms if you don’t want it to reseed. Prune barberry occasionally in early spring just to maintain its size or shape.",
garden-gate:171:p012:text:02,171,12,text,Gold Medal Worthy,,"Towering over all the rest of the plants in this border, Olympic mullein makes a bold statement with statuesque candelabras of yellow flowers in early summer over clumps of massive leaves. Cut back spent blooms, but leave a few to set seed. This short-lived perennial can take up to three years to bloom, then dies back, so letting it reseed ensures you’ll have more of these outstanding flowers year after year. Plant Zahara XL Yellow zinnia nearby to repeat the cheery color of the mullein. These workhorses supply nonstop flowers all summer until frost with just a bit of deadheading to keep them going strong. Complement them with cool blue-lavender Beth’s Blue laurentia for a winning color combination.",
garden-gate:171:p012:image:01,171,12,image,Spring into Summer with Easy-Care Combos,,"Border photo for the An Easy Trade-Off combo, showing alliums, barberry and plume poppy.",
garden-gate:171:p012:image:02,171,12,image,Spring into Summer with Easy-Care Combos,,"Border photo for the Gold Medal Worthy combo, showing Olympic mullein, zinnia and laurentia.",
garden-gate:171:p014:text:01,171,14,text,The Secrets to Stunning Hayrack Planters,Tera Boeuf,"If you’ve always dreamed of a beautiful hayrack planter dripping with flowers under your window but weren’t sure how to execute it, Tera Boeuf of Tera’s Gardens in Colorado can help. She has the secrets to planting and maintaining hayracks and is willing to share them with us!",
garden-gate:171:p014:image:01,171,14,image,The Secrets to Stunning Hayrack Planters,Tera Boeuf,"Large hayrack planter photo showing a dense, color-saturated windowbox display.",
garden-gate:171:p015:text:01,171,15,text,The Secrets to Stunning Hayrack Planters,Tera Boeuf,"Like siding, it’s a good idea to mount a hayrack with spacers to prevent moisture from building up between the planter and the siding. A 1 1/2-inch spacer block at the top and bottom of the hayrack should be enough to allow air to circulate and prevent rot.",
garden-gate:171:p015:text:02,171,15,text,The Secrets to Stunning Hayrack Planters,Tera Boeuf,"You can find hayracks in many sizes, but as with any container, the bigger it is, the heavier it is. Add soil and plants and it’ll be much tougher to mount. So it’s best to mount the empty hayrack and plant it up right where it hangs.",
garden-gate:171:p015:text:03,171,15,text,The Secrets to Stunning Hayrack Planters,Tera Boeuf,"Sometimes it’s hard to get watering just right. Tera tells people that if leaves look dull, they may need water, but if they’re yellowing, they’re probably getting too much water. This is more common than you might expect. Pick up a moisture meter from your garden center to help gauge your watering habits.",
garden-gate:171:p015:text:04,171,15,text,The Secrets to Stunning Hayrack Planters,Tera Boeuf,"Well-fed flowers bloom better. Whether you fertilize seems to be more important than what you use, so whatever you choose, just follow the package instructions for amount and frequency. Getting a great start is the key to Tera’s stunning hayrack creations.",
garden-gate:171:p015:image:01,171,15,image,The Secrets to Stunning Hayrack Planters,,Second hayrack planter photo showing the same planting from another angle with pink and purple trailing flowers.,
garden-gate:171:p016:text:01,171,16,text,3 Steps to Perfect Hayracks,Tera Boeuf,"The biggest secret to Tera’s hayrack planter success is in the planting method. If you’ve ever wondered how to keep the soil in or how to get plants to trail the way you want them to, here are Tera’s steps for planting the perfect hayrack. Line the planter with a coco liner or sphagnum moss and bird netting, then fill it with potting mix and let it settle. Leave some room at the top of the planter before you start adding plants.",
garden-gate:171:p016:image:01,171,16,image,3 Steps to Perfect Hayracks,Tera Boeuf,"Diagram and supporting images showing the coco liner, sphagnum liner and planting-pocket setup for hayracks.",
garden-gate:171:p017:text:01,171,17,text,3 Steps to Perfect Hayracks: Prepare the front,Tera Boeuf,"Prepare the front of the hayrack with planting pockets so the planter itself nearly disappears. If you’re using a coco liner, use kitchen shears to cut a slit one shear length long at the top of every gap in the hayrack. Then toward the bottom of that cut, make another shorter angled cut to create a notch for each plant’s stem. In sphagnum, snip a hole in the bird netting and spread a space in the sphagnum to insert the plant’s rootball. Good plants for this front-row treatment include trailing petunias, ivy geraniums, impatiens, tuberous begonias and vining foliage plants such as vinca and creeping Jenny.",
garden-gate:171:p017:text:02,171,17,text,3 Steps to Perfect Hayracks: Rinse & plant,Tera Boeuf,"Tera likes to wash the potting mix from the roots of plants she tucks into the front of the hayrack. This makes it easier to fit the plants into the small slits or holes and lets her pack more of them into a small space. If you’re using 4-inch pots, slip in one plant per slit or hole; if you’re using multipacks, you can squeeze a couple of plants into each hole. Once the front has been planted, add plants to the middle and back, fill in around them with potting mix and water thoroughly to settle the mix around the roots.",
garden-gate:171:p017:image:01,171,17,image,3 Steps to Perfect Hayracks,,Step-by-step planting photo showing roots being rinsed and inserted into the hayrack front pockets.,
garden-gate:171:p018:text:01,171,18,text,Reasons to Get the Blues,Jennifer Howell,"Blue is such a versatile garden color: dark blues tend to recede into the background, adding the illusion of space in a small garden. Its serene, calming vibe is perfect for a garden where you want to relax. Or plant blue flowers with complementary colors like orange or yellow to create energy and excitement. Pair blue and white for sharp, cool contrast. And you can add blue flowers to pastel plantings so they become more vibrant.",
garden-gate:171:p018:text:02,171,18,text,Reasons to Get the Blues,Jennifer Howell,"In addition to all the visual reasons to use blue in your garden, one of the best perks is that pollinators love them. Bees are especially attracted to blue, and many butterflies and hummingbirds like blue blossoms almost as much as their traditional red favorites. And fortunately, there’s a blue flower for every season, from early spring to late fall, so you can draw these vital pollinating visitors to your garden for months. In this collection of beautiful blue flowers, there’s sure to be a few that will make you happy to get the blues.",
garden-gate:171:p018:text:03,171,18,text,‘Nikko Blue’ bigleaf hydrangea,,"Hydrangea macrophylla ‘Nikko Blue’ produces some of the most intense blue blooms of all bigleaf hydrangeas, but soil type is critical. Bigleaf hydrangeas can be pink in color if the soil is alkaline, but will be blue in response to aluminum in acid soil. Do a soil test to determine your soil’s pH, and if it is higher than 5.5, add 1 Tbsp. aluminum sulfate to a gallon of water and water the hydrangea once a month starting in early spring to promote blue blooms.",
garden-gate:171:p018:text:04,171,18,text,‘Nikko Blue’ bigleaf hydrangea,,"This hydrangea rarely needs pruning: just cut out dead branches when you see them. Since it blooms on old wood, or buds produced the previous year, only trim this shrub immediately after flowers fade if you need to control its size or shape so you don’t accidentally cut off next year’s flower buds. ‘Nikko Blue’ has mophead flower clusters that are blue in acid soil or pink in alkaline soil in midsummer to fall; grows in full sun to part shade, moist, well-drained acid soil; reaches 4 to 6 feet tall and wide; and is cold hardy in USDA zones 6 to 9.",
garden-gate:171:p019:image:01,171,19,image,Reasons to Get the Blues,,Large blue hydrangea garden photo used to open the blues feature.,
garden-gate:171:p019:text:01,171,19,text,Good to Know,,"Most bigleaf hydrangeas, including ‘Nikko Blue’, bloom on buds formed the previous year. In zones 4 and 5, cold winters often damage the flower buds, so plants won’t bloom. However, Endless Summer® hydrangea blooms on old and new growth, so it is more likely to produce flowers in cold areas.",
garden-gate:171:p019:image:02,171,19,image,Reasons to Get the Blues,,Blue hydrangea border photo showing a mass planting of bigleaf hydrangeas in bloom.,
garden-gate:171:p020:text:01,171,20,text,Laguna® Sky Blue lobelia,,"Lobelia erinus ‘Laguna Sky Blue’ is the perfect complement to tame a mixed planting of boisterous, vivid annuals. It trails like a waterfall over the edge of a container and can also be planted as a ground cover. Though more heat-tolerant than other lobelia cultivars, blooming will slow when night temperatures are over 70 degrees F. Shear plants back by a third, especially if they are getting leggy in the heat of summer. They’ll fill out when temps cool a bit and continue to bloom until frost.",
garden-gate:171:p020:text:02,171,20,text,Striped squill,,"Puschkinia scilloides var. libenotica is one of the first spring bulbs to bloom, with petite spikes of star-shaped flowers rising above clusters of strappy foliage. Each of the pale blue, almost white petals sports a dark blue stripe down the middle. Striped squill naturalizes easily, spreading by bulblets and by seed, so it is ideal to create a carpet of pastel color in early spring between newly emerging perennials and under deciduous shrubs.",
garden-gate:171:p020:image:01,171,20,image,Best Blue Flowers,,Container photo and bulb close-up for Laguna Sky Blue lobelia and striped squill.,
garden-gate:171:p021:text:01,171,21,text,Broad-leaved grape hyacinth,,"Muscari latifolium gives you two blues for the price of one. Each bloom spike is covered with dozens of tiny, beadlike flowers; those at the top half are a light sky blue while the lower half are deep violet-blue. This grape hyacinth grows just a single broad leaf that curls around the bloom as it emerges. Foliage dies back in early summer, usually later than other spring bulbs. Broad-leaved grape hyacinth multiplies by bulblets and seed, so it naturalizes easily in a perennial bed or the lawn.",
garden-gate:171:p021:image:01,171,21,image,Best Blue Flowers,,Close-up photo of broad-leaved grape hyacinth with two-toned blue flower spikes.,
garden-gate:171:p022:text:01,171,22,text,‘Blue Jacket’ hyacinth,,"Hyacinthus orientalis ‘Blue Jacket’ provides a rich royal blue color that looks great in a mass planting or in combination with yellows, pinks or reds of other early spring-flowering shrubs and bulbs. Deer- and rabbit-resistant hyacinths are a good answer for gardeners with hungry wildlife because their strong, sweet scent helps repel animals that nibble on foliage or flowers of other spring bloomers. ‘Blue Jacket’ hyacinths make long-lasting cut flowers, filling up the room with their powerful fragrance, and they also make super candidates for forcing indoors in the winter over water, stones or in soil.",
garden-gate:171:p022:image:01,171,22,image,Best Blue Flowers,,Hyacinth close-up showing the royal blue blooms of 'Blue Jacket'.,
garden-gate:171:p024:text:01,171,24,text,Blue pimpernel,,"Anagallis monellii is native to the Mediterranean region and is one of the few true blue flowers. Its brilliant royal blue petals are enhanced by a vibrant hot pink eye that almost glows, punctuated by bright yellow anthers. Blue pimpernel is low-growing and spreads quickly, perfect for hanging baskets, windowboxes and containers as well as rock gardens. It is drought tolerant but will bloom more consistently with regular moisture and full sun.",
garden-gate:171:p024:text:02,171,24,text,‘Crystal Blue’ salvia,,"Salvia nemorosa ‘Crystal Blue’ stands apart with loads of sky blue blooms in spring to early summer. Pollinators and hummingbirds flock to the pastel spikes, but deer and rabbits will not be nearly as impressed. To extend the bloom time, deadhead the first flower stalks as they fade by cutting back to the next set of leaves where you can see secondary buds forming. In midsummer when blooms are spent and the plant is starting to flop, cut stems back to the base of the plant.",
garden-gate:171:p024:image:01,171,24,image,Best Blue Flowers,,Blue pimpernel container photo showing the royal blue blooms with a pink eye.,
garden-gate:171:p024:image:02,171,24,image,Best Blue Flowers,,Sky-blue salvia photo used with the 'Crystal Blue' profile.,
garden-gate:171:p026:text:01,171,26,text,Arkansas bluestar,,"Amsonia hubrichtii shines in late spring with clouds of pale blue flower clusters, and in autumn its light green feathery foliage transforms to a glorious golden yellow that lights up the border. Arkansas bluestar loves the sun and tolerates dry soil. In too much shade, it can get leggy, but even in full sun it is a good idea to shear the plant back by a third right after flowers fade. This keeps the plant full and compact, but also prevents it from setting seed.",
garden-gate:171:p026:text:02,171,26,text,‘Aurora Blue’ delphinium,,"Delphinium elatum ‘Aurora Blue’ mimics the brilliant blue of the sky and stands tall above many other perennials in the border. Bloom stalks can reach up to 4 feet. Plant it in a protected spot to prevent wind from toppling its floral towers. Despite its sturdy stems, it may need staking to keep the blooms upright. Once blooming is finished, cut flower stalks back to the base of the plant.",
garden-gate:171:p026:image:01,171,26,image,Best Blue Flowers,,Arkansas bluestar border photo with pale blue blooms and yellow fall foliage.,
garden-gate:171:p026:image:02,171,26,image,Best Blue Flowers,,Delphinium photo showing tall blue flower spikes with white centers.,
garden-gate:171:p028:text:01,171,28,text,‘Rooguchi’ clematis,,"Clematis hybrid ‘Rooguchi’ is not your typical open-flowered clematis. Instead, it is covered by an endless number of sweet, indigo blue to purple bell-shaped flowers that dangle from near-black stems. It will bloom all summer with no need to deadhead. Unlike other clematis, ‘Rooguchi’ doesn’t climb vertically; rather, it clambers over and through other plants. Since it blooms on new wood, you can cut all stems off 2 to 6 inches from the ground in late winter or early spring.",
garden-gate:171:p028:image:01,171,28,image,Best Blue Flowers,,Photo of 'Rooguchi' clematis with indigo bell-shaped flowers draping over foliage.,
garden-gate:171:p030:text:01,171,30,text,‘Blue Horizon’ floss flower,,"Ageratum houstonianum ‘Blue Horizon’ lends subtle color and interesting texture that blends into any landscape. Powder blue-lavender tassel-like blossoms clustered atop long, sturdy stems make great cut flowers for bouquets. If you can’t find starter plants, try starting it indoors from seed 6 to 8 weeks before your last frost date. Though it will tolerate part shade, you’ll have better blooms on sturdier stems in full sun.",
garden-gate:171:p030:image:01,171,30,image,Best Blue Flowers,,Photo of 'Blue Horizon' floss flower showing fluffy pale blue-lavender flower clusters.,
garden-gate:171:p031:text:01,171,31,text,‘Galaxy Blue’ lily of the Nile,,"Agapanthus hybrid ‘Galaxy Blue’ is hardy to USDA zone 6 and will die back to the ground in the colder regions of its range. A protective layer of straw mulch helps it survive freezing winter temps until it emerges again in spring. Globes of star-shaped, cobalt-blue flowers rise on long stems from a cluster of strappy basal leaves. It is a reliable rebloomer, so you’ll have flowers well into fall, longer than other hybrids.",
garden-gate:171:p031:text:02,171,31,text,‘Victoria’ California lilac,,"Ceanothus hybrid ‘Victoria’ California lilac is an evergreen West Coast native that peaks in late spring with an impressive show of cobalt-blue flower clusters. Bees, butterflies and hummingbirds all flock to the scented blooms, but deer will leave it alone. It really does thrive on dry soil and neglect—you don’t need to prune or deadhead, but a quick trim after flowers fade will keep the plant tidy and shaped.",
garden-gate:171:p031:image:01,171,31,image,Best Blue Flowers,,Photo of 'Galaxy Blue' lily of the Nile showing cobalt-blue blooms over strappy leaves.,
garden-gate:171:p031:image:02,171,31,image,Best Blue Flowers,,Photo of 'Victoria' California lilac with cobalt-blue flower clusters.,
garden-gate:171:p032:text:01,171,32,text,This or That: Hollyhock vs. Rose of Sharon,,"Hollyhocks are a mainstay of traditional cottage gardens and can reach 5 to 8 feet tall, with heart-shaped leaves and flowers that open from the bottom to the top of the stem. They need full sun and good drainage, and newer cultivars have been bred to bloom in year one and return for several seasons. Rust can be an issue, so space plants for air flow, water at the soil line and remove spent plants in fall.",
garden-gate:171:p032:image:01,171,32,image,This or That: Hollyhock vs. Rose of Sharon,,Illustrated hollyhock comparison graphic and cultivar photos from the left-hand page.,
garden-gate:171:p033:text:01,171,33,text,This or That: Hollyhock vs. Rose of Sharon,,"Rose of Sharon, Hibiscus syriacus, steps in when spring-blooming shrubs fade. It usually blooms from early summer into autumn and is an upright, 3- to 12-foot-tall deciduous shrub. Compact cultivars make good subjects for containers, larger varieties can serve as a summer privacy hedge, and a single shrub works well as an accent in a mixed border. It grows in full sun to part shade and should be pruned in early spring if needed because flower buds form on new growth.",
garden-gate:171:p033:image:01,171,33,image,This or That: Hollyhock vs. Rose of Sharon,,Illustrated rose of Sharon comparison graphic and cultivar photos from the right-hand page.,
garden-gate:171:p034:text:01,171,34,text,Asiatic Lilies,,"Summer borders get a whole new look when you grow the big trumpet-shaped, and often brightly colored, blooms of Asiatic lilies. Sitting on tall upright stems, they’re a sure way to grab attention early to midsummer. They bloom earlier than other groups of lilies and multiply faster too. Though each bulb produces just one stem, there are two to four buds on each one or more depending on the variety, creating a flower show that can last up to a month.",
garden-gate:171:p034:text:02,171,34,text,Asiatic Lilies,,"Grow bold-colored Asiatic lilies, such as ‘Forever Susan’ or ‘Heart Strings’, next to the patio to set a tropical and energetic mood that’s perfect for entertaining. Or try soft-toned ‘Easy Vanilla’ to create a relaxing vibe near a seating area. While most varieties have the traditional trumpet-shaped bloom that faces up or out, some varieties have more downward-facing flowers with unique backward curling, or recurved, petals.",
garden-gate:171:p034:text:03,171,34,text,Choose the Right Size,,"Most Asiatic lilies reach 3 to 4 feet tall. Grow them midborder to help bridge the gap between taller and smaller perennial companions. ‘Lollypop’, in the photo at right, is a bit smaller, 2 to 3 feet tall, so it’s more at home near the front. Pint-sized ‘Orange Pixie’ is even smaller, at just 12 to 18 inches tall, making it a bright addition to the garden’s edge or a full-sun container.",
garden-gate:171:p034:text:04,171,34,text,Choose the Right Size,,"At the other end of the spectrum, you’ll find some that grow up to 6 feet tall. Don’t think you have to relegate these beauties to the back of the border. Although ‘Karen North’ deserves a spot where you can enjoy its light fragrance, keep it away from high-traffic spots where its pollen can stain clothes. To prevent this, grow the lilies farther back from the path or choose varieties with upward-facing blooms.",
garden-gate:171:p034:text:05,171,34,text,Asiatic lily,,"Asiatic lily, Lilium spp. and hybrids, is a perennial bulb with pink, white, red, peach, orange, purple or yellow trumpet-shaped blooms in early to midsummer. It grows in full sun to part shade and well-drained soil, has no serious pest issues, reaches 12 to 72 inches tall and 9 to 12 inches wide, and is cold hardy in USDA zones 3 to 9.",
garden-gate:171:p034:text:06,171,34,text,Asiatic Lilies: ‘Lollypop’,,‘Lollypop’ has sturdy stems that don’t need staking. Each one is topped with three to four buds for a long-lasting show.,
garden-gate:171:p034:image:01,171,34,image,Asiatic lily,,Botanical-style illustration of the Asiatic lily ‘Matrix’ used with the plant profile for Lilium spp. and hybrids.,
garden-gate:171:p035:image:01,171,35,image,Asiatic Lilies,,"Full-page border photo of pale yellow and pink Asiatic lilies growing along a garden path, with yellow companion flowers and dark foliage nearby.",
garden-gate:171:p036:text:01,171,36,text,Try These Asiatic Lilies,,"Asiatic lilies are usually the result of complex crosses of several species and other hybrids. They’ve been bred for cut flower production for years, which is why you see so many varieties that have up- or outward-facing blooms at garden centers. Some online nurseries have a broader selection with more flower shapes; the photos here are just the beginning of what you’ll find. Be sure to check in with your local lily society too. Many have annual sales where you can find unusual varieties.",
garden-gate:171:p036:text:02,171,36,text,Try These Asiatic Lilies,,These summer-blooming beauties are cold hardy in USDA zones 3 to 8 and do best in full sun to part shade and well-drained soil.,
garden-gate:171:p036:text:03,171,36,text,‘Iowa Rose’ Asiatic lily,,‘Iowa Rose’ is a Lilium hybrid with outward- to downward-facing rusty rose-pink blooms with a blush of yellow near the center. It grows 36 to 48 inches tall and 9 to 12 inches wide.,
garden-gate:171:p036:text:04,171,36,text,‘Orange Pixie’ Asiatic lily,,‘Orange Pixie’ is a Lilium hybrid with upward-facing bright orange blooms. It grows 12 to 18 inches tall and 9 to 12 inches wide.,
garden-gate:171:p036:text:05,171,36,text,‘Karen North’ Asiatic lily,,‘Karen North’ is a Lilium hybrid with downward-facing orange blooms with deep purple speckles and recurved petals. It has a light fragrance and grows 48 to 72 inches tall and 9 to 12 inches wide.,
garden-gate:171:p036:text:06,171,36,text,‘Graffiti’ Asiatic lily,,‘Graffiti’ is a Lilium hybrid with upward-facing bold yellow blooms with deep purple speckles. It grows 36 to 48 inches tall and 9 to 12 inches wide.,
garden-gate:171:p036:text:07,171,36,text,‘Tinos’ Asiatic lily,,‘Tinos’ is a Lilium hybrid with upward-facing creamy white flowers with a yellow center splash and red streaks. It grows 36 to 48 inches tall and 9 to 12 inches wide.,
garden-gate:171:p036:text:08,171,36,text,‘Elodie’ Asiatic lily,,‘Elodie’ is a Lilium hybrid with upward-facing double pale pink blooms and pollen-free flowers. It grows 36 to 48 inches tall and 9 to 12 inches wide.,
garden-gate:171:p036:text:09,171,36,text,‘Secret Kiss’ Asiatic lily,,"‘Secret Kiss’ is a Lilium hybrid with upward-facing deep purple, almost black blooms. It grows 36 to 48 inches tall and 9 to 12 inches wide.",
garden-gate:171:p036:image:01,171,36,image,‘Iowa Rose’ Asiatic lily,,Close-up photo of a rusty rose-pink ‘Iowa Rose’ Asiatic lily with speckled petals.,
garden-gate:171:p036:image:02,171,36,image,‘Graffiti’ Asiatic lily,,Close-up photo of a yellow ‘Graffiti’ Asiatic lily bloom with deep purple speckles.,
garden-gate:171:p036:image:03,171,36,image,‘Tinos’ Asiatic lily,,Close-up photo of creamy white ‘Tinos’ Asiatic lily flowers with yellow centers and red streaks.,
garden-gate:171:p037:image:01,171,37,image,‘Orange Pixie’ Asiatic lily,,Photo of compact orange ‘Orange Pixie’ Asiatic lilies blooming in a mixed planting.,
garden-gate:171:p037:image:02,171,37,image,‘Karen North’ Asiatic lily,,"Close-up photo of a downward-facing orange ‘Karen North’ Asiatic lily with recurved, speckled petals.",
garden-gate:171:p037:image:03,171,37,image,‘Elodie’ Asiatic lily,,Close-up photo of pale pink double ‘Elodie’ Asiatic lilies with pollen-free blooms.,
garden-gate:171:p037:image:04,171,37,image,‘Secret Kiss’ Asiatic lily,,"Close-up photo of deep purple, almost black ‘Secret Kiss’ Asiatic lilies with orange stamens.",
garden-gate:171:p038:text:01,171,38,text,Grow Gorgeous Asiatic Lilies,Sherri Ribbey,Great-looking lilies start with good bulbs like those in photo 2. Look for the biggest bulb you can get so that it takes off and blooms the first season. Small bulbs may not flower right away; they need time to build up energy.,
garden-gate:171:p038:text:02,171,38,text,Grow Gorgeous Asiatic Lilies,Sherri Ribbey,"Asiatic lilies grow from a concentric bulb, which means the scales are arranged in layers around a vertical stem, kind of like an onion. You can see in the photo at right how plants form roots above and below the bulb. The basal roots below the bulb help anchor the plant while stem roots above it help stabilize it and gather nutrients.",
garden-gate:171:p038:text:03,171,38,text,Grow Gorgeous Asiatic Lilies: Where to plant,Sherri Ribbey,"Asiatic lilies grow best in well-drained soil. Avoid spots with heavy clay because at worst, bulbs will rot, and at best, they may not multiply well. Full sun will give you the most flowers, but you can even tuck them into sunny pockets between tree canopies, where they can add a nice splash of color like the orange flowers in photo 3.",
garden-gate:171:p038:text:04,171,38,text,Grow Gorgeous Asiatic Lilies: When to plant,Sherri Ribbey,You can plant Asiatic lilies in spring or fall. Plant the ones you buy in nursery pots at the same level they are growing there. Bare-root bulbs are another matter: most gardeners plant them in fall a few weeks before the first hard frost. But Niels plants in spring because he’s found that the bulbs don’t root as well in his Washington garden’s wet winter soil.,
garden-gate:171:p038:text:05,171,38,text,Grow Gorgeous Asiatic Lilies: How to plant,Sherri Ribbey,"To plant bulbs, dig a hole three to four times the length of the bulb, about 4 to 6 inches deep, to encourage stem roots to form. This helps keep the bulb cool, so warmer soil temperatures encourage disease. Space bulbs 6 to 10 inches apart to allow room for good air circulation, which helps prevent foliar disease. Asiatic lilies are drought tolerant but need to be watered during dry spells the first year to help them get established. Adding an inch or two of organic mulch after you plant conserves moisture and prevents frost heave.",
garden-gate:171:p038:text:06,171,38,text,Grow Gorgeous Asiatic Lilies: To feed or not to feed,Sherri Ribbey,"Feeding Asiatic lilies isn’t usually necessary. If the foliage is pale and lacking vigor, top dress around the stems with a shovelful of compost. Or sprinkle a slow-release plant food for bulbs or flowering perennials into the soil in spring. Don’t overfeed, though; too much food can cause fusarium rot.",
garden-gate:171:p038:text:07,171,38,text,Grow Gorgeous Asiatic Lilies: Deadheading how-to,Sherri Ribbey,"As the flowers of Asiatic lilies fade, the petals fall off, leaving just a cluster of green seedpods. It’s a good idea to remove them to help the bulb conserve energy. Cut right below the seedpods, leaving as much foliage as possible to gather energy for next year’s show. Once the whole plant has turned yellow, you can cut the faded foliage back to the ground.",
garden-gate:171:p038:image:01,171,38,image,Grow Gorgeous Asiatic Lilies,,"Annotated Asiatic lily bulb image showing stem roots, basal roots and the small offset that can become a blooming-size plant in 2 to 3 years.",
garden-gate:171:p038:image:02,171,38,image,Grow Gorgeous Asiatic Lilies,,"Photo of healthy bare-root Asiatic lily bulbs in a wooden tray, used to illustrate buying firm bulbs without soft spots.",
garden-gate:171:p039:text:01,171,39,text,Grow Gorgeous Asiatic Lilies: Troubleshooting,Sherri Ribbey,"Unfortunately, deer and rabbits find lilies attractive too. Repellant sprays and fencing or caging are the best ways to keep them from eating stems and buds. Check out a few lily-specific problems you might encounter in Lily Troubles.",
garden-gate:171:p039:text:02,171,39,text,Grow Gorgeous Asiatic Lilies: Division helps,Sherri Ribbey,"It’s easy to get more of the Asiatic lilies you love. In fact, this vigorous group tends to suffer from overcrowding more than other lily types. This results in less vigorous growth with fewer flowers. Divide clumps every 3 to 4 years to keep them growing strong.",
garden-gate:171:p039:text:03,171,39,text,Grow Gorgeous Asiatic Lilies: Dividing bulbs,Sherri Ribbey,"To divide, after the foliage has yellowed in late summer or fall, cut the stems down and use a garden fork to dig the bulbs out of the ground. You’ll find a mix of large, small and tiny bulbs all held together by soil and roots. Pull away large offsets, the bulbs that form right next to the mother bulb, and replant them 6 to 10 inches apart. Leave smaller ones, like the one in the photo above left, in place to grow a bit larger.",
garden-gate:171:p039:text:04,171,39,text,Grow Gorgeous Asiatic Lilies: Babying bulbils,Sherri Ribbey,"Because Asiatic lilies are so great at multiplying, you’ll probably find clusters of tiny bulbs attached to the stem above the mother bulb underground or just above soil level. These are bulbils. Asiatic lilies produce a lot of them. Grasslike foliage at the base of a lily stem lets you know they’ve formed. When you’re dividing the larger bulbs, go ahead and replant the small bulbils too. They’ll bloom in a few years. Sometimes you’ll also find tiny black bulbils growing along the stems at leaf joints. You can remove and plant these in nursery pots in late summer, but they’re more sensitive and take a bit more babying than bulbets to flower.",
garden-gate:171:p039:text:05,171,39,text,Lily Troubles: Scarlet lily leaf beetle,,"If you notice holes in the foliage and flowers, scarlet lily leaf beetle may be to blame. Adults are easy to see if you want to hand pick and drop them in soapy water. You can also spray leaves thoroughly with neem oil in early morning or late evening to avoid leaf burn. It’s most effective on eggs and the sluglike larvae.",
garden-gate:171:p039:text:06,171,39,text,Lily Troubles: Mosaic virus,,"Look for streaked flowers and distorted foliage caused by virus-infected aphids feeding on your plants. There’s no cure, so keep an eye out for symptoms early in the season and remove plants that are infected. Tiger lilies, L. lancifolium, are common targets of the virus. Grow this species at least 100 feet away from your other lilies to keep it from spreading.",
garden-gate:171:p039:text:07,171,39,text,Lily Troubles: Fusarium rot,,"This fungal disease causes the basal plate and roots to rot and is most common in USDA zones 8 and warmer. Above ground, the plant doesn’t bloom, foliage yellows early and growth is stunted. There’s no cure, and this fungus sticks around in the soil for years. So once fusarium rot shows up, don’t plant any bulbs in that area again. To help prevent it, fertilize only sparingly and make sure bulbs have good drainage.",
garden-gate:171:p039:image:01,171,39,image,Grow Gorgeous Asiatic Lilies,,Photo of red-orange Asiatic lilies growing in a part-shade woodland border beside a stone path.,
garden-gate:171:p039:image:02,171,39,image,Lily Troubles: Scarlet lily leaf beetle,,Close-up photo of a scarlet lily leaf beetle on a green leaf used in the lily pest sidebar.,
garden-gate:171:p040:text:01,171,40,text,Astilbe,,"Astilbe is one of those go-to perennials that brings so much to the garden. Its distinctive blooms range from bright and bold to soothing pastels, and they last for weeks—even months when you have the right combination of astilbes. The ferny, pest- and disease-free foliage provides great texture for your shade garden, and deer and rabbits usually give it a pass. Astilbe can even grow in full sun if you have a spot with plenty of moisture.",
garden-gate:171:p040:text:02,171,40,text,Astilbe,,"Astilbe spp. and hybrids include Chinese astilbe, Japanese astilbe and star astilbe, with blooms in pink, white, red, peach, cream or lavender plumes from late spring to fall. They like moist, well-drained soil and can tolerate full sun to full shade. Keep them watered and they will reward you with long-lasting color in the shade garden.",
garden-gate:171:p040:image:01,171,40,image,Astilbe,,Large shade-garden photo showing the astilbe border and the lush planting texture used on the opener spread.,
garden-gate:171:p041:text:01,171,41,text,Astilbe tip,,"For lots of these pretty plumes, water astilbe regularly or site it where the soil stays consistently moist. Then you can grow other moisture-loving companions, such as queen of the prairie.",
garden-gate:171:p041:image:01,171,41,image,Astilbe,,Tall border photo of astilbe with the white caption box describing moisture-loving companions.,
garden-gate:171:p042:text:01,171,42,text,Grow Gorgeous Astilbe,,"Keeping your border filled with color can be a challenge, but when you grow astilbe it’s a snap. These beautiful blooms last 3 to 4 weeks, and when you grow a mix of astilbe with a range of bloom times, you can keep borders colorful for 2 to 3 months. Start the season in late spring with early bloomers, such as pale pink ‘Europa’ Japanese astilbe or medium pink ‘Flamingo’ star astilbe. After that, mid- to late-summer varieties like hybrid ‘Maggie Daley’ take over. The combination of upright flower stems, tidy mounds and deeply dissected leaves makes astilbe an excellent companion in almost any situation.",
garden-gate:171:p042:image:01,171,42,image,Grow Gorgeous Astilbe,,Large astilbe border photo with pink plumes and layered shade plantings.,
garden-gate:171:p043:text:01,171,43,text,Caring for Astilbe,,"Water, water, water. Astilbe doesn’t do well with dry soil. When the roots dry out, the leaves get brown edges and can even die back to the ground. Grow plants in a spot that gets regular water or site them near a natural water feature. Is deadheading necessary? Some gardeners prefer to cut the blooms off once the color fades and enjoy the foliage as a ground cover for the rest of the season. Get more astilbe by division in spring when new growth is poking through the soil. Each section should have at least three growth points.",
garden-gate:171:p043:image:01,171,43,image,Caring for Astilbe,,Astilbe and companion border photo used with the care tips sidebar.,
garden-gate:171:p044:image:01,171,44,image,Astilbe,,Large astilbe garden photo showing 'Snowdrift' and 'Red Sentinel' in the shade border.,
garden-gate:171:p045:text:01,171,45,text,Brighten Shade,,"When you want to kick your shade garden design up a notch, astilbe is a great solution. ‘Red Sentinel’ and ‘Snowdrift’ both grow to about 2 feet tall and wide — big enough to make a statement but small enough that they still work well near the front of a border. You can see the wonderful contrast in texture between the lacy astilbe foliage and the broad hosta nearby. White flowers like those of ‘Snowdrift’ practically glow in deeper shade under the trees, drawing visitors along the path to explore more of the garden.",
garden-gate:171:p045:image:01,171,45,image,Brighten Shade,,Astilbe border photo showing 'Red Sentinel' and 'Snowdrift' brightening a deeper shade planting.,
garden-gate:171:p046:text:01,171,46,text,More Gorgeous Astilbe,,"Astilbe’s range of flower colors and season-extending help are just the beginning of its versatility and charm. When you want colorful height for a border, you might not think about astilbe, as most grow in the 18- to 30-inch range. But there are a few taller varieties that make great border additions. ‘Superba’ Chinese astilbe can grow up to 4 feet tall and provides beautiful back-of-the-border interest. Looking for even more height? Try Appalachian false goat’s beard, which despite its common name is an astilbe native to North America.",
garden-gate:171:p046:image:01,171,46,image,More Gorgeous Astilbe,,Large border photo showing taller astilbe varieties and companion plantings in a moist garden bed.,
garden-gate:171:p047:text:01,171,47,text,Astilbe bouquet tip,,"Cut a few astilbe blooms to enjoy in your summer bouquets. For the longest vase life, snip the stems when half to two-thirds of the individual flowers are open and get them in water right away.",
garden-gate:171:p047:image:01,171,47,image,Astilbe bouquet tip,,Cut flower photo of astilbe stems used as bouquet inspiration.,
garden-gate:171:p048:image:01,171,48,image,Peppers,,Full opener collage of peppers and garden scenes used for the pepper feature title page.,
garden-gate:171:p049:text:01,171,49,text,Peppers,Niki Jabbour,"It doesn’t matter if you prefer the sweet crunch of a bell pepper or the fiery heat of a habanero; growing your own peppers is easy and rewarding. Sweet peppers have little to no heat and ripen through a range of colors, while hot peppers can run from the mildly spicy poblano to the five-alarm fire of a Carolina Reaper. Peppers are heat- and sun-loving vegetables that need a long growing season, so they are typically grown from seeds started indoors or purchased as transplants in late spring.",
garden-gate:171:p049:text:02,171,49,text,Scoville scale,,"The Scoville scale measures the hotness of a pepper in Scoville Heat Units. Capsaicin is the compound in peppers that produces a burning sensation. Knowing where a pepper ranks on the scale, from 0 for sweet bell peppers to 1,500,000+ for Carolina Reaper, helps you choose ones that are best for your heat tolerance.",
garden-gate:171:p049:image:01,171,49,image,Scoville scale,,Scoville scale infographic showing heat levels from bell pepper to Carolina Reaper.,
garden-gate:171:p050:text:01,171,50,text,4 Tips for Growing Peppers,Niki Jabbour,"Start seeds indoors 8 to 10 weeks before your last frost date, using a heated mat if you have one and giving seedlings at least 16 hours of light each day. Transplant peppers after the last frost into full sun and fertile soil, spacing plants 12 to 18 inches apart and staking them at planting time. Peppers do best in a long growing season and will respond to consistent care.",
garden-gate:171:p050:image:01,171,50,image,4 Tips for Growing Peppers,Niki Jabbour,Seed tray and transplanting photos showing peppers started indoors and moved to the garden.,
garden-gate:171:p051:text:01,171,51,text,4 Tips for Growing Peppers,Niki Jabbour,"Water peppers by checking the soil 2 inches down and keep them evenly moist to avoid blossom end rot. Mulch to reduce watering needs and fertilize every 2 to 3 weeks after planting with a liquid organic fish and seaweed fertilizer. Harvest sweet peppers at their mature size and color, clip ripe peppers with garden snips rather than yanking them, and preserve the surplus by dehydrating, pickling, freezing or turning them into hot sauce.",
garden-gate:171:p051:text:02,171,51,text,Be on the lookout,,"Blossom drop can come from overwatering, cool nights or daytime temperatures over 90 degrees F. Sunscald appears as white to brown papery patches when young fruit is suddenly exposed to the sun. Bacterial leaf spot causes leaf loss and stunted fruits; if it’s been a problem before, use resistant varieties, rotate crops and space plants for good air flow.",
garden-gate:171:p051:image:01,171,51,image,4 Tips for Growing Peppers,Niki Jabbour,"Pepper plant and mulched-bed photos used with the water, fertilize and harvest tips.",
garden-gate:171:p052:text:01,171,52,text,Meet 6 Types of Peppers,Niki Jabbour,"Sweet peppers have little to no heat and a sweet, fruity flavor. Bell peppers are essential in the kitchen and the garden, while corno di Toro and banana peppers bring long, tapering fruit and plenty of versatility. Specialty cultivars such as ‘Candy Snax Mini Pepper Mixture’, ‘Majestic Red’, ‘Cornito Giallo’, ‘Carmen’, ‘Goddess’ and ‘Sweet Banana’ offer a range of colors, sizes and ripening times.",
garden-gate:171:p052:image:01,171,52,image,Meet 6 Types of Peppers,Niki Jabbour,"Sweet pepper collage showing bell, corno di toro and banana pepper types with close-up cultivar shots.",
garden-gate:171:p053:text:01,171,53,text,Chili Peppers,Niki Jabbour,"Hot peppers can run from mildly spicy to fire-alarm fiery. Jalapeños are a kitchen staple, cayenne peppers are excellent dried for flakes and habaneros bring scorching heat and citrusy flavor for hot sauce and spicy salsas. Other notable selections include ‘Jedi’, ‘Fiesta Cayenne Blend’, ‘Red Flame’, ‘Red habanero’ and ‘Red Savina’. Hot peppers contain capsaicin, so wear gloves when slicing and dicing and wash your hands carefully when you’re done.",
garden-gate:171:p053:image:01,171,53,image,Chili Peppers,Niki Jabbour,"Hot pepper collage showing jalapeño, cayenne and habanero types along with the handling warning box.",
garden-gate:171:p054:text:01,171,54,text,1st Prize Foliage,,"Stacey Toomey’s 60×14-inch windowbox is attached to an east-facing window in part shade. An antique shutter on the front provides interest when the plants are still small. She bought three 12-inch preplanted hanging basket combos that included wing begonia, inch plant and potato vine, then filled in with individual 4-inch pots. Maintenance is simple: water, feed and trim.",
garden-gate:171:p054:text:02,171,54,text,2023 Reader Container Challenge,Sherri Ribbey,This is the time of year that containers are top of mind for every gardener. Half the fun of planting them is trying out new combinations or swapping plants out for new looks each season. The other half is seeing what other gardeners have come up with — a little inspiration can really get the creative juices flowing. Last year we put out a call to readers asking them to send in their best container designs so we can share them with everyone here. The response was amazing — our readers really know how to put together beautiful containers!,
garden-gate:171:p055:image:01,171,55,image,2023 Reader Container Challenge,,Grand prize container photo of a windowbox attached to an east-facing window in part shade.,
garden-gate:171:p055:image:02,171,55,image,Grand Prize Winner,,"Winner portrait and prize container photo for Stacey Toomey, PA.",
garden-gate:171:p056:text:01,171,56,text,Containers that Make an Entrance,,"Shirley’s 17-inch-tall and 24-inch-square containers provide a brilliant greeting on either side of the sidewalk that leads to her front door. They’re packed with colorful annuals that bloom from spring to frost. The large-leaved coleus splashed with pink makes an eye-catching thriller, while globe amaranth and lantana are drought tolerant and don’t need deadheading. Shirley’s palette of bright, warm colors could easily be swapped for pastels or a monochromatic theme if that fits better with your garden’s style.",
garden-gate:171:p056:image:01,171,56,image,Containers that Make an Entrance,,Large container photo showing the bold annual planting at Shirley Schultz’s front door.,
garden-gate:171:p057:text:01,171,57,text,Sophisticated Color,,"Sandy’s container combination uses shades of purple to bring a relaxing vibe to her deck. Sunny yellow from the variegated vinca and bright magenta petunia adds some pop. Most of the plants are quite heat and drought tolerant and take summers in stride. To keep this container flowering, Sandy sprinkles Osmocote® on top of the potting mix at planting time, then fertilizes every 3 weeks with a liquid plant food.",
garden-gate:171:p057:image:01,171,57,image,Sophisticated Color,,"Large container photo showing the purple-themed deck container from Sandy Butkis, MI.",
garden-gate:171:p058:text:01,171,58,text,Taste of the Tropics,,"Joyce put this grouping together with leftovers from other containers she’d planted up earlier, and it turned out great. Its bright and bold blooms from lantana and mandevilla bring warmth, excitement and a tropical feel to the patio. The plants don’t need any deadheading and are quite drought tolerant. Look for mandevilla varieties with a bushy habit, such as Sun Parasol® Original Red.",
garden-gate:171:p058:image:01,171,58,image,Taste of the Tropics,,Large tropical container photo of lantana and mandevilla at Joyce Hannaford’s patio.,
garden-gate:171:p058:image:02,171,58,image,One Terrific Trough,,"Antique stone trough container photo with elephant ears, begonia and purple Swedish ivy.",
garden-gate:171:p059:text:01,171,59,text,Keep Shade Colorful,,"A shady out-of-the-way corner can be a challenging place to put a container, but Claudia found a group of plants that thrive on neglect, providing color and texture from spring to frost. Snake plant, purple heart, tall sedum, lantana, asparagus fern and dichondra keep this sophisticated container going without much fuss.",
garden-gate:171:p059:text:02,171,59,text,One Terrific Trough,,"When you have a special planter like this 48×18-inch antique stone trough, you want to give it pride of place. Sophath has done that by incorporating it into the foundation planting so it sits outdoors in this zone 6 garden all year and the contents get swapped out seasonally to keep curb appeal high. Mounds of begonia, iresine and purple Swedish ivy cover the long stems of the row of elephant ears that provide lots of interest and drama.",
garden-gate:171:p059:image:01,171,59,image,Keep Shade Colorful,,"Shade container photo showing snake plant, purple heart and other low-maintenance foliage plants.",
garden-gate:171:p060:text:01,171,60,text,Passionate About Purple,,"Charlene’s planter is really a plastic insert slipped into a decorative wrought-iron plant stand, but you can’t tell by looking at it. The growing conditions on the west side of the house in full sun can be harsh, but this group of plants did just fine. Angelface Blue angelonia makes a great thriller and provides a stately presence and loads of color from late spring to frost.",
garden-gate:171:p060:image:01,171,60,image,Passionate About Purple,,"West-facing full-sun container photo with angelonia, verbena and petunia on a wrought-iron plant stand.",
garden-gate:171:p061:text:01,171,61,text,Cottage Garden in a Box,,"Linda has been trying different plants over the years to get a cottage garden look for the 8-foot-long windowbox just outside her dining room window. She finally discovered a combination that provides maximum color with minimal effort. This mix of annuals, from the upright angelonia to the bacopa spilling over the front, doesn’t need deadheading and looks great with just an occasional feeding and watering.",
garden-gate:171:p061:text:02,171,61,text,Flowers to the Max,"Leanne James, CT","Adding a windowbox is a great way to integrate the storage shed in with the garden. Leanne plants 4 1/2-inch pots in a custom-made 36×10-inch wooden windowbox, adds a slow-release fertilizer at planting time and then starts using a water-soluble plant food every 10 days. Most of the plants are vigorous growers and need maintenance pruning every 3 weeks to keep the look full instead of wild.",
garden-gate:171:p061:image:01,171,61,image,Cottage Garden in a Box,,Composite windowbox photo showing the cottage-garden style planting under a dining room window.,
garden-gate:171:p061:image:02,171,61,image,Flowers to the Max,,Windowbox photo attached to the shed showing the purple and pink annual planting.,
garden-gate:171:p062:text:01,171,62,text,Sun-Soaked Side Yard,,"Sure, your side yard might be hidden from sight, infrequently traveled or have minimal square footage — but is it sunny? With careful planning, this area can become its own secret garden: an intimate spot that delights all the senses with lovely sights, smells and even tastes. Take advantage of this full-sun situation and grow stunning blooms as well as flavorful edible plants. You just need to employ some tried-and-true small space design hacks to make it happen.",
garden-gate:171:p062:image:01,171,62,image,Sun-Soaked Side Yard,,Large design illustration of the side yard plan with layered plantings and a central path.,
garden-gate:171:p063:text:01,171,63,text,Seeing Diamonds / Double Duty Fig Tree,,"Purchase a customizable kit to make this diamond-patterned trellis of nylon line and train the clematis onto the wires as new growth emerges in spring. The small patio is a place to naturally stop and observe the garden more closely while you’re on your way to the backyard. Large, soft-lobed leaves and deep purple fruit of ‘Fignominal’ fig make an interesting focal point and it also keeps its leaves through winter, which makes it a great indoor houseplant for colder zones.",
garden-gate:171:p063:image:01,171,63,image,Seeing Diamonds / Double Duty Fig Tree,,Trellis illustration and patio vignette showing the diamond-patterned clematis support and the fig tree focal point.,
garden-gate:171:p064:text:01,171,64,text,"Minimal Effort, Maximum Benefits",Chloe Deike,"You’ll want to get a start on this garden in late winter. It’s most economical to grow the annual plants from seed, especially the basil and the marigolds. Start a flat of each indoors 4 to 6 weeks before your average last frost date. When the seedlings have three or four sets of true leaves, pinch them back to the next lowest leaf node to encourage more branching and a fuller habit. When nighttime temperatures are consistently in the 50s, harden off the annuals and plant them in the ground.",
garden-gate:171:p064:image:01,171,64,image,"Minimal Effort, Maximum Benefits",,"Site plan illustration showing the layered side-yard design with annuals, edible plants and a fig plant.",
garden-gate:171:p065:text:01,171,65,text,Design Challenge key plants,,"The planting plan uses delphinium, marigold, Greek basil, bearded iris, balloon flower, tomato, blueberry, clematis, dwarf fig and two apple trees to create a sunny, highly productive side-yard planting. The design emphasizes a tall backbone of trellis and fruiting plants with lower annual color to keep the space layered and useful all season.",
garden-gate:171:p065:image:01,171,65,image,Design Challenge key plants,,Plant collage and legend used for the side-yard design challenge key plants.,
garden-gate:171:p066:text:01,171,66,text,Tips for Growing Healthy Trees in Containers,Jennifer Howell,"Container-grown trees provide height in spots where you can’t plant in the ground and add drama and permanence where you might normally just grow annuals. Use a container at least 20 inches in diameter and height, avoid pots that narrow at the top and root prune every 2 to 3 years to encourage smaller feeder roots and prevent girdling. Many trees can be grown in pots for up to 20 years or more if the roots stay healthy.",
garden-gate:171:p066:image:01,171,66,image,Tips for Growing Healthy Trees in Containers,,Large container tree photo showing a red-leaf Japanese maple in a teal pot.,
garden-gate:171:p067:text:01,171,67,text,Root pruning steps,,"Slice the bottom roots, shear the sides, untangle the roots and then replant the tree. Trim about 2 inches off the bottom of the root ball, shear 1 to 2 inches off the sidewalls, tease out tangled roots with your fingers or a hand rake and repot into the same container or one no more than 2 inches larger in diameter. Water thoroughly and keep the tree planted at the same level as before.",
garden-gate:171:p067:image:01,171,67,image,Root pruning steps,,"Four-step root pruning photo sequence showing the root ball removal, slicing, untangling and replanting process.",
garden-gate:171:p068:text:01,171,68,text,Alliums rising to the surface,"Kristi Boone, MI","If you planted alliums several years ago and now they’re poking through the soil, it’s probably the winter freeze-thaw cycle. If the bulbs are completely above soil level, gently tuck them just below the surface. If only these alliums are affected, that is pretty normal. If your bulbs have been planted for years, as clumps multiply, young bulbs often rise to the surface. Alliums are related to onions and can adjust their depth to what they like better.",
garden-gate:171:p068:text:02,171,68,text,Q&A: Plant sale divisions,,"If you’re getting perennials ready for a plant sale, go big with large, robust divisions that have several growing points. Wash all of the soil from the roots so you don’t pass along weeds, insects or disease, label each plant clearly, be honest about aggressive growers, get newly potted plants established before the sale and check for patents before selling divisions.",
garden-gate:171:p068:image:01,171,68,image,Q&A,,Wash-roots photo used with the plant-sale advice question and answer.,
garden-gate:171:p069:text:01,171,69,text,Horticultural oils and pollinators,"Hunter Reagan, AR","It all depends on time of day and time of year. Horticultural oils are intended to smother or suffocate crawling or stationary insects, so they must be applied directly to the pest. It is best to spray early or late in the growing season, while temperatures are cold and bees and other pollinators are dormant. If you apply oil sprays during the growing season, use a more diluted concentration and spray early in the morning or late in the evening when temperatures are cool but pests are still active.",
garden-gate:171:p069:text:02,171,69,text,Weed watch: Pilewort,,"Pilewort, Erechtites hieracifolia, is a native annual with tall stems topped by loose panicles that can look like buds that never open. Its tiny tubular flowers are held inside a tight bract, and after pollination the seedhead reveals tiny brown seeds attached to tufts of soft white hairs. It prefers moist soil in full sun to part shade and is easiest to control by pulling or mowing young plants before they set seed.",
garden-gate:171:p069:image:01,171,69,image,Weed watch,,"Pilewort illustration showing the weed’s stem, leaves and seedhead.",
garden-gate:171:p070:text:01,171,70,text,Colorful Shade,,"There are plenty of flowers and loads of gorgeous foliage in this combo to keep shade borders bright from spring until frost. Deadhead the hosta and coral bells by cutting the spent stems off below the foliage. The yellow corydalis and Solomon’s seal may reseed, but it’s easy to pull the ones you don’t want to keep.",
garden-gate:171:p070:text:02,171,70,text,One Tough Hosta With Long-Lasting Color,Sherri Ribbey,"When it comes to hostas you don’t want to miss, put ‘Wolverine’ at the top of your list. This fast-growing variety with blue-green leaves edged in gold has been tough as nails in shade or sun and looks good even with 4 to 6 hours of sun a day. Lavender flowers top the scapes in late summer, and the plant grows into a broad mounded habit that holds its own in a mixed border.",
garden-gate:171:p070:image:01,171,70,image,Colorful Shade,,Hosta border illustration used with the Colorful Shade planting plan.,
garden-gate:171:p071:text:01,171,71,text,Source,,"Jackson & Perkins, jacksonandperkins.com, 800-292-4769.",
garden-gate:171:p071:image:01,171,71,image,One Tough Hosta With Long-Lasting Color,,Large photo of the 'Wolverine' hosta showing blue-green leaves edged in gold.,
garden-gate:171:p072:text:01,171,72,text,6 Solutions Every Gardener Needs,,"Taking care of a garden requires many skills, and you might be a master of the basic ones. But for every gardener there are days when you walk outside and find your regular rhythm interrupted by an unexpected need. This bonus feature gathers six tricky situations so you can prepare yourself with the know-how to tackle them and be ready to keep yourself and your garden in tip-top shape.",
garden-gate:171:p072:text:02,171,72,text,Garden edge solutions,,"Use trenched edging to dig straight down 4 to 5 inches and create a slope that keeps soil in place. Brick or stone edging needs a shallow trench filled with sand, and metal edging can be pounded into place with a rubber mallet and secured with stakes.",
garden-gate:171:p072:image:01,171,72,image,Garden Solutions,,"Illustrations for trenched, brick or stone and metal edging solutions.",
garden-gate:171:p073:text:01,171,73,text,A disorganized garden shed is slowing you down,,"Clear and easy access to your tools and supplies can make gardening much easier, and it helps you take better care of your gear. Separate tools and gear by size or purpose, use shelves for stakes and twine, keep a workspace for gloves and rags, and store long-handled tools upright by the door so you can grab them fast.",
garden-gate:171:p073:image:01,171,73,image,A disorganized garden shed is slowing you down,,"Garden shed photo showing tools, pots and supplies arranged in the workspace.",
garden-gate:171:p074:text:01,171,74,text,An aggressive plant is taking over,,"If a plant is dominating the border or reseeding where you don’t want it, remove it altogether. Pull out the plants growing in the wrong place, including the roots and stems if it spreads by runners. If it covers a large area, smother it with cardboard and thick mulch. If it’s spreading by seed, remove the flowers before they set seed.",
garden-gate:171:p074:text:02,171,74,text,The nectar feeder needs cleaning,,"A nectar feeder should be cleaned routinely, otherwise you risk harming the hummers. Drain the nectar, take apart the feeder and soak the pieces in warm water with vinegar. Scrub the basin and feeder holes, rinse thoroughly and let everything dry completely before refilling. Replace the nectar regularly, as often as once a day in hot full sun.",
garden-gate:171:p074:image:01,171,74,image,The nectar feeder needs cleaning,,Photo of a hummingbird feeder used in the cleaning instructions.,
garden-gate:171:p075:text:01,171,75,text,Outdoor furniture is dirty and worn,,"A set of furniture that’s continually exposed to the elements can take a beating. Wicker should be dusted, washed with warm soapy water and protected from sun and moisture. Wood can be cleaned, dried and sanded; plastic can be scrubbed with soapy water and a little baking soda; metal can be wiped down with dish soap and dried completely to prevent rust.",
garden-gate:171:p075:image:01,171,75,image,Outdoor furniture is dirty and worn,,"Four-photo furniture care chart showing wicker, wood, plastic and metal pieces.",
garden-gate:171:p076:text:01,171,76,text,Dress for success,,"Wear long sleeves and long pants, even in the heat of summer, to keep yourself protected from rashes and bugs. Hang a long-sleeved button-up shirt near your gardening gloves, keep a light pair of elastic-waist pants by the door and wear tall boots or long socks with your shoes and gloves to protect your ankles and wrists from potential hazards.",
garden-gate:171:p076:text:02,171,76,text,Your health is at risk,,"Gardening is good exercise and mentally stimulating, but there are also some serious hazards lurking out in the garden. Wearing the right clothes is a great example, and you can keep yourself safe and healthy by dressing in long sleeves, long pants, boots and gloves, then checking for ticks and using repellents when needed.",
garden-gate:171:p076:image:01,171,76,image,Your health is at risk,,Photo of a pair of tall garden boots used in the dress-for-success advice.,
garden-gate:171:p077:text:01,171,77,text,"Mosquitoes, soil-borne bacteria and poison ivy",,"Mosquitoes can carry diseases such as West Nile virus, La Crosse virus and Eastern equine encephalitis, so remove standing water and use bug repellent to deter bites. Tetanus bacteria live in soil, dust and manure and can enter through cuts or wounds, so wear gloves and stay up to date on your vaccine. Poison ivy contains urushiol oil that can cause an itchy rash, so cover exposed skin, remove the vine carefully and wash clothing and skin after contact.",
garden-gate:171:p077:image:01,171,77,image,"Mosquitoes, soil-borne bacteria and poison ivy",,"Three-photo hazard strip showing mosquitoes, soil-borne bacteria and poison ivy examples.",
garden-gate:171:p080:text:01,171,80,text,2023 European Garden Tours,,"Join a small group of fellow gardeners on a travel adventure. Ireland in Bloom runs July 2 to July 10, 2023 and explores centuries of garden design and Irish hospitality. Colorful Normandy & Monet’s Garden runs August 8 to August 15, 2023 and includes castles, historic towns and the beautiful French countryside.",
garden-gate:171:p080:image:01,171,80,image,2023 European Garden Tours,,Travel promo montage of Ireland and Normandy gardens and landscapes.,
garden-gate:171:p082:image:01,171,82,image,Finishing Touches,,Closing-page flower photo with the Anais Nin quote overlay.,
garden-gate:171:p083:text:01,171,83,text,Chipmunks vs. Garden,Jamie Seitz,"Did you know that a chipmunk tunnel can extend 2 to 3 feet deep underground and reach 20 to 30 feet in length, often leading to an extensive food cache? This story traces the discovery of a buried stash under a shed, the frantic replanting that followed and the ongoing battle to keep chipmunks from digging up newly planted beds. Even now, years later, the chipmunk or one of its relatives still tunnels through the garden just to let the gardener know who the real boss of the yard is.",
garden-gate:171:p083:image:01,171,83,image,Chipmunks vs. Garden,Jamie Seitz,Illustration of a chipmunk used with the humorous essay about garden beds and tunnel raids.,
